d_id,d_fname,d_lname,d_field,d_age,d_gender,d_cont,d_mail,p_id
1009,Dr.Ferdy,Mendie,gynecologists,51,M,562111176,Ferdy@gmail.com,100740
1029,Dr.Horatio,Randie,endocrinologists,37,M,607682212,Horatio@gmail.com,101393
1033,Dr.Harvey,Peyter,Cardiologists,74,M,750618277,Harvey@gmail.com,102591
1036,Dr.Ebenezer,Lou,Oncologist,46,M,906745535,Ebenezer@gmail.com,104251
1043,Dr.Domenic,Lemuel,orthopedic surgeons,72,M,735647860,Domenic@gmail.com,104538
1045,Dr.Donovan,Leonid,Family medicine,66,F,758486376,Donovan@gfail.cof,104622
1046,Dr.Hector,Piotr,Cardiologist,68,M,800558969,Hector@gmail.com,105667
1089,Dr.Israel,Rich,ENT specialists,41,M,700997276,Israel@gmail.com,106153
1096,Dr.Johannes,Rustin,Surgeon,84,M,585779366,Johannes@gmail.com,106404
1105,Dr.Ismail,Rice,dentists,33,F,490742535,Ismail@gfail.cof,108161
1108,Dr.Jock,Rudyard,Nephrologist,70,F,594203520,Jock@gfail.cof,112157
1109,Dr.Dimitrios,Lazlo,Psychiatrist,33,F,322606907,Dimitrios@gfail.cof,112815
1114,Dr.Gav,Nealson,pediatricians,47,M,906177580,Gav@gmail.com,114381
1120,Dr.Henderson,Porter,Infectious disease,74,M,234173894,Henderson@gmail.com,115161
1133,Dr.Keefe,Scottie,Infectious disease,72,F,202702927,Keefe@gfail.cof,115210
1150,Dr.Gary,Neal,dentists,57,M,327624814,Gary@gmail.com,115508
1154,Dr.Jerald,Rolf,Gastroenterologist,60,M,826403923,Jerald@gmail.com,117631
1158,Dr.Kincaid,Shea,gynecologist (OBGYNs),76,F,208714863,Kincaid@gfail.cof,121004
1167,Dr.Jerry,Roscoe,gynecologists,55,M,837682606,Jerry@gmail.com,122336
1175,Dr.Duffy,Lincoln,Surgeon,40,M,551078929,Duffy@gmail.com,122443
1177,Dr.Everett,Max,Cardiologist,49,M,992377044,Everett@gmail.com,124861
1197,Dr.Irwin,Reynard,Dermatologist,43,M,108602615,Irwin@gmail.com,125365
1216,Dr.Hurley,Raynor,Dermatologist,39,M,310640315,Hurley@gmail.com,127140
1220,Dr.Dexter,Lawrence,Oncologist,53,M,251456807,Dexter@gmail.com,127206
1227,Dr.Denny,Lamar,gynecologists,28,M,620197530,Denny@gmail.com,127305
1236,Dr.Hudson,Raphael,Pediatrician,65,F,524953715,Hudson@gfail.cof,127916
1243,Dr.Godwin,Ole,veterinarians,67,M,684143040,Godwin@gmail.com,128030
1263,Dr.Eugene,Mauricio,cardiothoracic,41,M,350486452,Eugene@gmail.com,128982
1267,Dr.Kraig,Shepperd,Physician executive,56,M,258709150,Kraig@gmail.com,130018
1274,Dr.Jody,Rupert,Otolaryngologist,29,F,985670666,Jody@gfail.cof,130403
1275,Dr.Douggie,Les,Cardiologist,77,F,611225692,Douggie@gfail.cof,130930
1288,Dr.Ginger,Norman,Infectious disease,55,M,237336082,Ginger@gmail.com,132878
1289,Dr.Kevin,Shaun,cardiothoracic,45,F,501493225,Kevin@gfail.cof,132918
1291,Dr.Jervis,Ross,orthopedic surgeons,57,M,174956858,Jervis@gmail.com,135568
1298,Dr.Ike,Remington,surgeons,37,M,219531982,Ike@gmail.com,136631
1303,Dr.Dwane,Lockwood,endocrinologists,39,F,865775784,Dwane@gfail.cof,137332
1315,Dr.Barnabe,Caleb,pediatricians,71,F,138515056,Barnabe@yahoo.com,994008
1329,Dr.Isaac,Reynolds,Neurologist,77,F,267720827,Isaac@gfail.cof,138762
1337,Dr.Jack,Rickey,endocrinologists,39,M,242684922,Jack@gmail.com,138832
1350,Dr.Derrick,Langston,pulmonologists,74,F,105143737,Derrick@gfail.cof,140254
1355,Dr.Erwin,Mattheus,gynecologists,53,F,840567104,Erwin@gfail.cof,143277
1366,Dr.Guy,Paddy,Internal Medicine,64,M,317375467,Guy@gmail.com,144631
1367,Dr.Harvie,Peyton,audiologists,76,M,475000412,Harvie@gmail.com,146713
1388,Dr.Kirby,Shelden,Nephrologist,47,M,374799826,Kirby@gmail.com,147115
1391,Dr.Kin,Shayne,Pediatrician,72,F,348603057,Kin@gfail.cof,147317
1398,Dr.Jonny,Salomone,oncologists,52,F,284257862,Jonny@gfail.cof,147443
1400,Dr.Forester,Mikael,audiologists,72,M,493558259,Forester@gmail.com,147932
1413,Dr.Galen,Moss,neurologists,30,M,788154565,Galen@gmail.com,148042
1414,Dr.Ewart,Maxie,Gastroenterologist,78,M,406332276,Ewart@gmail.com,151151
1440,Dr.Fletch,Mic,Oncologist,75,F,506830437,Fletch@gfail.cof,151305
1447,Dr.Hercule,Prince,Cardiologists,35,F,216828521,Hercule@gfail.cof,152569
1454,Dr.Felicio,Meir,Surgeon,31,F,309632928,Felicio@gfail.cof,153065
1455,Dr.Kristopher,Sherman,Anesthesiologist,72,M,621235353,Kristopher@gmail.com,153415
1462,Dr.Joel,Russ,Psychiatrist,42,F,284546463,Joel@gfail.cof,153568
1470,Dr.Gavin,Ned,veterinarians,29,M,752833937,Gavin@gmail.com,153671
1472,Dr.Ingmar,Renault,Gastroenterologist,64,M,808360009,Ingmar@gmail.com,156016
1473,Dr.Fidel,Merle,radiologists,43,M,379690402,Fidel@gmail.com,156461
1489,Dr.Heinrich,Pip,Oncologist,70,M,531693192,Heinrich@gmail.com,156514
1504,Dr.Eddie,Lovell,Infectious disease,31,M,949947684,Eddie@gmail.com,161051
1525,Dr.Hagen,Palmer,Gastroenterologist,64,M,940764071,Hagen@gmail.com,162659
1527,Dr.Halvard,Pascal,Radiologist,46,F,520473219,Halvard@gfail.cof,163521
1542,Dr.Hyatt,Reece,Surgeon,75,M,190355031,Hyatt@gmail.com,165434
1581,Dr.Hew,Quint,Internal Medicine,58,M,162009349,Hew@gmail.com,165489
1585,Dr.Johny,Salem,pediatricians,61,M,756940833,Johny@gmail.com,165518
1591,Dr.Goddard,Odie,ENT specialists,70,M,348107538,Goddard@gmail.com,165685
1625,Dr.Flynn,Michel,Dermatologist,50,M,170426235,Flynn@gmail.com,166812
1639,Dr.Fletcher,Micah,Gastroenterologist,83,F,434543806,Fletcher@gfail.cof,171013
1642,Dr.Euclid,Matty,oncologists,34,M,101657212,Euclid@gmail.com,171169
1649,Dr.Hamish,Paten,dentists,74,M,524360795,Hamish@gmail.com,171483
1653,Dr.Augustus,Brooks,Dermatologist,40,F,680434615,Augustus@yahoo.com,967693
1657,Dr.Haskell,Phillipe,pediatricians,77,M,259506836,Haskell@gmail.com,172438
1663,Dr.Greg,Orrin,Nephrologist,30,M,218955469,Greg@gmail.com,174155
1667,Dr.Barnard,Calvin,Nephrologist,66,M,170606012,Barnard@yahoo.com,996296
1678,Dr.Jonathon,Salomon,endocrinologists,81,M,956941248,Jonathon@gmail.com,174339
1682,Dr.Griffith,Oscar,Surgeon,38,M,272097635,Griffith@gmail.com,174398
1684,Dr.Job,Rudy,Infectious disease,42,F,442719190,Job@gfail.cof,175640
1687,Dr.Josh,Samuele,Gastroenterologist,79,M,850048489,Josh@gmail.com,175858
1704,Dr.Esme,Matthias,pediatricians,64,F,655114962,Esme@gfail.cof,175864
1705,Dr.Jeramie,Rolfe,Pulmonologist,37,M,661063644,Jeramie@gmail.com,176277
1715,Dr.Gordan,Ollie,cardiothoracic,73,M,256979158,Gordan@gmail.com,176440
1727,Dr.Flint,Michal,Nephrologist,35,F,826910565,Flint@gfail.cof,177314
1728,Dr.Freddy,Moishe,Infectious disease,44,M,973327051,Freddy@gmail.com,177335
1744,Dr.Gardener,Munroe,Pediatrician,32,M,439520786,Gardener@gmail.com,177483
1747,Dr.Karsten,Scott,Gastroenterologist,43,F,815869804,Karsten@gfail.cof,181268
1783,Dr.Hebert,Pincus,gynecologist (OBGYNs),33,F,362077289,Hebert@gfail.cof,182706
1793,Dr.Eliot,Mackenzie,endocrinologists,71,M,680461503,Eliot@gmail.com,184055
1818,Dr.Aziz,Burke,Nephrologist,52,F,647238469,Aziz@yahoo.com,978731
1820,Dr.Johnathan,Rutledge,dentists,31,M,164442320,Johnathan@gmail.com,185936
1828,Dr.Herman,Purcell,ENT specialists,32,F,546246750,Herman@gfail.cof,187667
1836,Dr.Hobart,Ramon,ENT specialists,79,M,889964036,Hobart@gmail.com,189381
1862,Dr.Julius,Saw,psychiatrists,46,M,569964653,Julius@gmail.com,189903
1877,Dr.Isaiah,Ricard,Physician executive,29,F,374387312,Isaiah@gfail.cof,190283
1904,Dr.Harman,Penrod,Infectious disease,65,F,382456062,Harman@gfail.cof,191926
1908,Dr.Emmett,Marion,gynecologists,57,M,305129572,Emmett@gmail.com,192170
1912,Dr.Friedrick,Morry,dentists,42,F,756306347,Friedrick@gfail.cof,195034
1914,Dr.Diego,Layton,Nephrologist,40,M,125888160,Diego@gmail.com,195062
1942,Dr.Frederich,Montague,Endocrinologist,70,M,289129539,Frederich@gmail.com,197364
1955,Dr.Joachim,Rudolf,Oncologist,49,M,964092419,Joachim@gmail.com,199176
1956,Dr.Hyman,Reed,Physician executive,36,M,912797263,Hyman@gmail.com,199193
1962,Dr.Guthry,Paddie,Family medicine,51,M,617411570,Guthry@gmail.com,199656
1967,Dr.Isadore,Ric,Surgeon,28,F,880703965,Isadore@gfail.cof,200328
1971,Dr.Hezekiah,Rad,Infectious disease,30,F,500999178,Hezekiah@gfail.cof,200350
1994,Dr.Jordy,Salvidor,surgeons,59,F,654394200,Jordy@gfail.cof,202648
2045,Dr.Gideon,Niles,pulmonologists,72,M,184466809,Gideon@gmail.com,202688
2048,Dr.Jefferson,Rodolphe,oncologists,64,F,775109573,Jefferson@gfail.cof,203101
2059,Dr.Holly,Randal,psychiatrists,80,M,415757846,Holly@gmail.com,203776
2063,Dr.Keenan,Scotty,Nephrologist,29,F,571819045,Keenan@gfail.cof,204452
2089,Dr.Ichabod,Reggie,orthopedic surgeons,76,F,363343366,Ichabod@gfail.cof,204753
2091,Dr.Ed,Louis,Pulmonologist,53,M,424417239,Ed@gmail.com,205871
2095,Dr.Garey,Murphy,Oncologist,72,F,320775095,Garey@gfail.cof,205919
2103,Dr.Jean-Christophe,Rod,Physician executive,50,M,821376374,Christophe@gmail.com,206461
2104,Dr.Kimball,Shawn,Family medicine,52,F,513751587,Kimball@gfail.cof,206552
2107,Dr.Fulton,Mort,gynecologists,43,M,904063189,Fulton@gmail.com,208752
2109,Dr.Dru,Lew,Dermatologist,39,M,413292169,Dru@gmail.com,211471
2127,Dr.Kendal,Sergei,Cardiologists,45,M,600998003,Kendal@gmail.com,211728
2133,Dr.Josiah,Sanders,Nephrologist,54,M,954323358,Josiah@gmail.com,211857
2134,Dr.Hermann,Putnam,gynecologists,66,F,745533179,Hermann@gfail.cof,212555
2139,Dr.Jo,Rudie,Obstetricians,62,M,982102468,Jo@gmail.com,214515
2162,Dr.Deryl,Laurance,cardiothoracic,57,M,292931382,Deryl@gmail.com,214606
2183,Dr.Emmet,Mario,ENT specialists,53,M,448881225,Emmet@gmail.com,217643
2188,Dr.Garwood,Nathanil,audiologists,77,M,500094989,Garwood@gmail.com,220960
2202,Dr.Hilbert,Rafe,Ophthalmologist,65,F,267971335,Hilbert@gfail.cof,222698
2205,Dr.Dryke,Lewis,Psychiatrist,30,M,105491467,Dryke@gmail.com,223878
2209,Dr.Ken,Sergeant,Physician executive,35,M,848756144,Ken@gmail.com,227973
2211,Dr.Dwayne,Logan,oncologists,80,F,931436553,Dwayne@gfail.cof,228046
2224,Dr.Gere,Niccolo,Otolaryngologist,33,M,354466358,Gere@gmail.com,228316
2250,Dr.Dugan,Lind,Physician executive,66,M,670866562,Dugan@gmail.com,229696
2257,Dr.Eli,Lynn,psychiatrists,38,M,253523663,Eli@gmail.com,233044
2284,Dr.Donal,Leon,endocrinologists,51,M,410272339,Donal@gmail.com,233820
2295,Dr.Jakob,Ripley,Obstetricians,68,F,878405271,Jakob@gfail.cof,233890
2296,Dr.Douglas,Leslie,Gastroenterologist,41,F,164459531,Douglas@gfail.cof,234497
2307,Dr.Hirsch,Ramesh,dentists,73,M,114265147,Hirsch@gmail.com,235227
2319,Dr.Harland,Penn,Oncologist,60,F,869292561,Harland@gfail.cof,235473
2322,Dr.Eugen,Maurice,neurologists,77,M,714707329,Eugen@gmail.com,237502
2328,Dr.Gaston,Nealon,orthopedic surgeons,58,M,175170107,Gaston@gmail.com,237664
2347,Dr.Jacob,Ricky,cardiothoracic,84,M,303662471,Jacob@gmail.com,241033
2354,Dr.Eduard,Ludvig,Anesthesiologist,35,M,552335717,Eduard@gmail.com,241544
2377,Dr.Juanita,Sandro,Otolaryngologist,75,M,727224901,Juanita@gmail.com,242253
2402,Dr.Ender,Markus,radiologists,52,M,343965931,Ender@gmail.com,243985
2403,Dr.Geraldo,Newton,Endocrinologist,68,M,435978204,Geraldo@gmail.com,246064
2405,Dr.Ehud,Luther,ENT specialists,31,F,306343439,Ehud@gfail.cof,246626
2409,Dr.Jeremy,Romain,Dermatologist,76,M,868653414,Jeremy@gmail.com,248222
2424,Dr.Hayes,Piet,neurologists,28,F,117293460,Hayes@gfail.cof,248563
2439,Dr.James,Ritch,Cardiologist,55,F,695500188,James@gfail.cof,250162
2455,Dr.Graig,Orion,Gastroenterologist,36,F,840269213,Graig@gfail.cof,251968
2469,Dr.Frederick,Monte,Ophthalmologist,62,M,320191650,Frederick@gmail.com,252250
2479,Dr.Jesus,Rube,oncologists,30,M,359486536,Jesus@gmail.com,252658
2480,Dr.Judson,Sascha,Physician executive,33,F,406015395,Judson@gfail.cof,253113
2515,Dr.Fleming,Meryl,gynecologist (OBGYNs),63,F,122673435,Fleming@gfail.cof,255833
2517,Dr.Axel,Buddy,pediatricians,58,M,666466781,Axel@yahoo.com,976403
2526,Dr.Donnie,Leonerd,cardiothoracic,63,M,376325600,Donnie@gmail.com,257583
2528,Dr.Jasper,Rochester,Neurologist,44,M,474316787,Jasper@gmail.com,258786
2540,Dr.Dick,Lawson,Gastroenterologist,45,M,894353296,Dick@gmail.com,260932
2572,Dr.Jeremie,Rolph,Otolaryngologist,64,M,293682719,Jeremie@gmail.com,261910
2580,Dr.Grady,Orazio,Pediatrician,61,F,761793204,Grady@gfail.cof,262632
2583,Dr.Derek,Lamont,pediatricians,30,F,598081215,Derek@gfail.cof,262779
2586,Dr.Joab,Rudiger,Cardiologist,46,M,653145054,Joab@gmail.com,265250
2605,Dr.Kendall,Sergent,audiologists,56,M,371640146,Kendall@gmail.com,266638
2617,Dr.Dominique,Lenny,radiologists,38,M,131235215,Dominique@gmail.com,267227
2618,Dr.Hiralal,Ralf,Physician executive,37,M,267866290,Hiralal@gmail.com,269834
2624,Dr.Elliott,Magnum,surgeons,68,M,376090028,Elliott@gmail.com,270175
2625,Dr.Hernando,Quentin,psychiatrists,65,M,751069774,Hernando@gmail.com,270592
2628,Dr.Grace,Oran,Internal Medicine,59,F,768130988,Grace@gfail.cof,273623
2638,Dr.Henrik,Prasun,Dermatologist,67,M,147639724,Henrik@gmail.com,273999
2642,Dr.Gustavus,Pablo,neurologists,64,M,909778191,Gustavus@gmail.com,274440
2674,Dr.Gilberto,Noel,gynecologist (OBGYNs),63,M,613907238,Gilberto@gmail.com,275692
2699,Dr.Edgardo,Luce,Ophthalmologist,62,M,236084467,Edgardo@gmail.com,278539
2712,Dr.Godfree,Odysseus,orthopedic surgeons,33,M,438999495,Godfree@gmail.com,280441
2714,Dr.Giavani,Nikolai,veterinarians,38,F,486729539,Giavani@gfail.cof,281150
2727,Dr.Kostas,Sheppard,Surgeon,50,M,105413485,Kostas@gmail.com,281381
2741,Dr.Goober,Olivier,oncologists,81,M,499889235,Goober@gmail.com,282091
2744,Dr.Gordon,Oral,Family medicine,71,F,648622878,Gordon@gfail.cof,282234
2768,Dr.Averill,Bryn,neurologists,52,M,497793852,Averill@yahoo.com,973450
2785,Dr.Harv,Petey,Surgeon,57,M,857348121,Harv@gmail.com,282297
2786,Dr.Kenton,Shamus,veterinarians,41,M,577120614,Kenton@gmail.com,283027
2790,Dr.Egbert,Luke,dentists,66,F,896531618,Egbert@gfail.cof,283643
2809,Dr.Huey,Raul,Obstetricians/gynecologist (OBGYNs),65,F,863915771,Huey@gfail.cof,286495
2817,Dr.Jerome,Ronen,Surgeon,83,F,618613283,Jerome@gfail.cof,289201
2849,Dr.Giffard,Nilson,oncologists,73,M,797459157,Giffard@gmail.com,290020
2875,Dr.Gerome,Nickie,Surgeon,70,M,368185413,Gerome@gmail.com,290092
2881,Dr.Finn,Merry,surgeons,33,M,659618748,Finn@gmail.com,290904
2882,Dr. Demon,Kurt,Cardiologists,39,M,830433101,Demon@gmail.com,291708
2891,Dr.Erasmus,Martie,Gastroenterologist,46,M,452812016,Erasmus@gmail.com,293447
2905,Dr.Godart,Odell,dentists,80,M,271055081,Godart@gmail.com,294609
2911,Dr.Flem,Merwin,Pediatrician,65,F,857354006,Flem@gfail.cof,295672
2932,Dr.Harlin,Penny,Pulmonologist,68,F,300940147,Harlin@gfail.cof,295757
2935,Dr.Izzy,Rick,radiologists,32,M,858063504,Izzy@gmail.com,297089
2941,Dr.Dewey,Laurie,gynecologist (OBGYNs),72,M,510543514,Dewey@gmail.com,297886
2952,Dr.Frankie,Mitchel,cardiothoracic,44,F,362893564,Frankie@gfail.cof,298211
2957,Dr.Hewett,Quintus,Cardiologist,77,M,138551971,Hewett@gmail.com,299238
2964,Dr.Gershon,Nigel,gynecologists,75,F,966206399,Gershon@gfail.cof,299489
2966,Dr.Drake,Levon,Ophthalmologist,48,M,842123197,Drake@gmail.com,301571
2970,Dr.Jacques,Rik,surgeons,53,M,633363671,Jacques@gmail.com,302004
2971,Dr.Hale,Parnell,Ophthalmologist,48,M,692675106,Hale@gmail.com,303148
2989,Dr.Jeth,Ruben,neurologists,82,M,510747466,Jeth@gmail.com,303439
2994,Dr.Gino,Normand,Nephrologist,31,M,530706271,Gino@gmail.com,304487
2998,Dr.Eric,Marv,Ophthalmologist,66,M,976225334,Eric@gmail.com,304527
3004,Dr.Ernest,Mateo,Anesthesiologist,58,M,648042115,Ernest@gmail.com,305045
3009,Dr.Hallam,Partha,Neurologist,49,F,746216769,Hallam@gfail.cof,308565
3016,Dr.Gilbert,Noe,Pediatrician,65,M,922036807,Gilbert@gmail.com,308572
3031,Dr.Hubert,Raoul,Internal Medicine,29,F,278844818,Hubert@gfail.cof,309475
3047,Dr.Engelbert,Marlo,endocrinologists,64,M,778044347,Engelbert@gmail.com,310220
3053,Dr.Jess,Rourke,psychiatrists,62,M,945726715,Jess@gmail.com,310697
3054,Dr.Jessie,Royce,endocrinologists,48,M,411896004,Jessie@gmail.com,312196
3083,Dr.Elliot,Madison,cardiothoracic,51,M,137720221,Elliot@gmail.com,315090
3089,Dr.Geoffrey,Neron,Internal Medicine,80,F,963129148,Geoffrey@gfail.cof,315515
3109,Dr.Gilles,Norm,Pulmonologist,84,M,265321630,Gilles@gmail.com,315607
3116,Dr.Gail,Moses,endocrinologists,50,M,368155002,Gail@gmail.com,317232
3134,Dr.Erin,Marwin,Neurologist,79,M,684605789,Erin@gmail.com,317731
3145,Dr.Gustaf,Otto,radiologists,38,F,288472257,Gustaf@gfail.cof,318214
3150,Dr.Johnathon,Rutter,ENT specialists,59,M,272146314,Johnathon@gmail.com,318885
3159,Dr.Ingemar,Renato,Cardiologist,44,M,467103100,Ingemar@gmail.com,319370
3166,Dr.Judy,Sasha,Cardiologists,34,F,188218444,Judy@gfail.cof,319420
3171,Dr.Kelley,Sebastien,Psychiatrist,61,M,865237774,Kelley@gmail.com,319601
3176,Dr.Ave,Bryan,dentists,59,F,895400585,Ave@yahoo.com,970801
3184,Dr.Fyodor,Morten,orthopedic surgeons,45,M,929876408,Fyodor@gmail.com,320291
3192,Dr.Horacio,Randi,pulmonologists,64,M,868930623,Horacio@gmail.com,320786
3194,Dr.Hanan,Patrik,radiologists,59,M,523990507,Hanan@gmail.com,320898
3196,Dr.Giff,Nils,endocrinologists,35,M,164965968,Giff@gmail.com,321510
3203,Dr.Hy,Redmond,Anesthesiologist,68,M,535953528,Hy@gmail.com,323996
3222,Dr.Fitz,Merv,Family medicine,60,M,295291432,Fitz@gmail.com,325896
3232,Dr.Grove,Osmond,Cardiologists,50,M,297535325,Grove@gmail.com,328428
3234,Dr.Augustine,Brook,Nephrologist,85,M,888021488,Augustine@yahoo.com,964837
3244,Dr.Jordon,Salvatore,cardiothoracic,74,F,152836287,Jordon@gfail.cof,328479
3246,Dr.Fonsie,Mick,Neurologist,58,M,812870763,Fonsie@gmail.com,331557
3261,Dr.Edgar,Lucas,Endocrinologist,73,M,264568458,Edgar@gmail.com,332234
3262,Dr.Esteban,Matthieu,psychiatrists,68,F,330241870,Esteban@gfail.cof,335136
3267,Dr.Hank,Pattie,endocrinologists,70,M,980263633,Hank@gmail.com,336860
3287,Dr.Giraud,Nunzio,Radiologist,66,F,330089209,Giraud@gfail.cof,337815
3318,Dr.Georgie,Neville,Pulmonologist,56,M,762110037,Georgie@gmail.com,338541
3331,Dr.Elvis,Manuel,Endocrinologist,43,F,450870376,Elvis@gfail.cof,342431
3332,Dr.Hilary,Rafael,Endocrinologist,55,F,930377922,Hilary@gfail.cof,346197
3381,Dr.Harald,Pedro,Internal Medicine,50,M,477549196,Harald@gmail.com,346314
3384,Dr.Janus,Robbie,Endocrinologist,59,M,863930698,Janus@gmail.com,347370
3387,Dr.Jean-Luc,Roddy,dentists,67,M,199148079,Luc@gmail.com,348631
3414,Dr.Ignatius,Reilly,endocrinologists,49,F,204619792,Ignatius@gfail.cof,348899
3416,Dr.Dietrich,Lazare,Ophthalmologist,80,M,575392910,Dietrich@gmail.com,348936
3444,Dr.Gian,Nikita,pediatricians,58,F,214708151,Gian@gfail.cof,350339
3457,Dr.Georgia,Nevile,Gastroenterologist,78,M,776277273,Georgia@gmail.com,352125
3502,Dr.Elihu,Mace,radiologists,28,M,965628757,Elihu@gmail.com,352133
3507,Dr.Kaleb,Saxe,endocrinologists,48,M,263683092,Kaleb@gmail.com,353854
3517,Dr.Hersh,Quincey,neurologists,73,M,681469748,Hersh@gmail.com,353931
3534,Dr.Gerrit,Nico,audiologists,51,F,375373997,Gerrit@gfail.cof,355386
3535,Dr.Hayward,Pieter,cardiothoracic,79,F,722978954,Hayward@gfail.cof,358443
3558,Dr.Fran,Milo,veterinarians,28,M,592292015,Fran@gmail.com,358937
3559,Dr.Flemming,Meyer,Cardiologist,53,F,205431164,Flemming@gfail.cof,363920
3561,Dr.Julian,Saunders,gynecologists,54,F,727221648,Julian@gfail.cof,365689
3562,Dr.Hiram,Ralph,Cardiologists,31,M,211245534,Hiram@gmail.com,366438
3567,Dr.Jermayne,Ron,Radiologist,60,F,492392134,Jermayne@gfail.cof,368466
3574,Dr.Evelyn,Mauritz,Pediatrician,80,M,632335126,Evelyn@gmail.com,368930
3585,Dr.Godfry,Olag,psychiatrists,64,M,623882989,Godfry@gmail.com,370602
3592,Dr.Fonzie,Mickie,Anesthesiologist,40,M,569892536,Fonzie@gmail.com,372549
3595,Dr.Enrico,Marmaduke,surgeons,84,F,321488461,Enrico@gfail.cof,373226
3597,Dr.Ephrem,Martainn,Cardiologist,76,F,259733662,Ephrem@gfail.cof,374484
3601,Dr.Filmore,Merril,neurologists,45,M,856769998,Filmore@gmail.com,375925
3621,Dr.Gill,Norbert,Gastroenterologist,68,M,642902156,Gill@gmail.com,375980
3623,Dr.Kaspar,Scotti,Pulmonologist,69,F,193765880,Kaspar@gfail.cof,376520
3624,Dr.Hermon,Pyotr,orthopedic surgeons,45,F,316019718,Hermon@gfail.cof,376725
3625,Dr.Ferguson,Meredith,pediatricians,57,M,559240183,Ferguson@gmail.com,377057
3646,Dr.Enrique,Marsh,Family medicine,63,F,255734577,Enrique@gfail.cof,377795
3698,Dr.Jeremiah,Rollins,Endocrinologist,66,M,890304287,Jeremiah@gmail.com,379984
3705,Dr.Jean-Pierre,Roderick,orthopedic surgeons,53,F,563324920,Pierre@gfail.cof,380115
3736,Dr.Ingram,Rene,Pulmonologist,67,M,717302737,Ingram@gmail.com,380607
3738,Dr.Gerold,Nickey,Anesthesiologist,74,M,936118691,Gerold@gmail.com,380832
3750,Dr.Durante,Lionel,pediatricians,63,M,598659722,Durante@gmail.com,381474
3761,Dr.Garv,Nate,Radiologist,45,M,377784529,Garv@gmail.com,382466
3777,Dr.Hillary,Raimund,Psychiatrist,70,M,628423629,Hillary@gmail.com,382667
3782,Dr.Hayden,Pierre,endocrinologists,84,M,776015952,Hayden@gmail.com,383632
3796,Dr.Kirk,Sheldon,Endocrinologist,67,M,409378958,Kirk@gmail.com,383742
3798,Dr.Joshuah,Sander,Infectious disease,59,M,111430964,Joshuah@gmail.com,383987
3824,Dr.Dwain,Lloyd,radiologists,72,F,284638235,Dwain@gfail.cof,384644
3826,Dr.Jef,Rodney,radiologists,54,F,910008789,Jef@gfail.cof,384706
3833,Dr.Forest,Mika,Cardiologists,76,M,754582996,Forest@gmail.com,387354
3839,Dr.Georg,Nestor,gynecologist (OBGYNs),32,M,412051758,Georg@gmail.com,387734
3855,Dr.Emmit,Marius,orthopedic surgeons,77,M,810294073,Emmit@gmail.com,389565
3868,Dr.Dwaine,Locke,pulmonologists,62,F,900755384,Dwaine@gfail.cof,389713
3878,Dr.Eustace,Maurie,surgeons,70,M,513368314,Eustace@gmail.com,393796
3879,Dr.Jimmie,Ruddie,Internal Medicine,79,M,148507568,Jimmie@gmail.com,394568
3888,Dr.Eldon,Lyndon,pediatricians,83,M,384980480,Eldon@gmail.com,394753
3902,Dr.Hamil,Pate,Cardiologists,61,F,436567547,Hamil@gfail.cof,396019
3906,Dr.Elijah,Mack,pulmonologists,66,M,371378446,Elijah@gmail.com,396187
3922,Dr.Jose,Sammy,Pediatrician,28,F,206007516,Jose@gfail.cof,398565
3926,Dr.Gerard,Niall,Ophthalmologist,54,M,423786699,Gerard@gmail.com,402340
3953,Dr.Judah,Sanford,Psychiatrist,38,M,839471545,Judah@gmail.com,402858
3962,Dr.Avery,Bryon,Radiologist,66,M,605976344,Avery@yahoo.com,974031
3977,Dr.Barnebas,Cam,orthopedic surgeons,75,F,654261714,Barnebas@yahoo.com,997750
3997,Dr.Harwell,Phil,dentists,40,M,410203190,Harwell@gmail.com,403126
3998,Dr.Emmott,Mark,pediatricians,60,M,423872877,Emmott@gmail.com,403871
4028,Dr.Elbert,Lyle,gynecologists,61,F,551601592,Elbert@gfail.cof,404813
4033,Dr.Edouard,Lucio,Neurologist,55,M,205124151,Edouard@gmail.com,406848
4050,Dr.Iain,Reg,dentists,78,M,241363887,Iain@gmail.com,407561
4062,Dr.Istvan,Richard,gynecologists,81,M,772442378,Istvan@gmail.com,408504
4069,Dr.Elwin,Marc,Ophthalmologist,32,F,649149865,Elwin@gfail.cof,408630
4072,Dr.Erny,Matt,audiologists,54,F,482519867,Erny@gfail.cof,409134
4073,Dr.Fred,Moise,Gastroenterologist,30,M,695108029,Fred@gmail.com,409285
4102,Dr.Emile,Marcos,Physician executive,80,M,383172947,Emile@gmail.com,409927
4147,Dr.Emery,Marcio,Anesthesiologist,62,F,687708843,Emery@gfail.cof,410824
4160,Dr.Hal,Parker,Endocrinologist,50,M,818308362,Hal@gmail.com,412493
4163,Dr.Ignazio,Reinhold,neurologists,36,M,385278564,Ignazio@gmail.com,412760
4201,Dr.Garcon,Munmro,Internal Medicine,29,M,272401460,Garcon@gmail.com,412864
4223,Dr.Fernando,Merill,veterinarians,81,M,687975461,Fernando@gmail.com,413113
4229,Dr.Jackson,Rickie,neurologists,68,M,556658734,Jackson@gmail.com,413939
4236,Dr.Jud,Sandy,Dermatologist,38,M,453006833,Jud@gmail.com,414292
4247,Dr.Gifford,Noah,surgeons,40,M,281710946,Gifford@gmail.com,415970
4258,Dr.Fergus,Meredeth,orthopedic surgeons,70,M,697244007,Fergus@gmail.com,416122
4263,Dr.Barnabas,Caldwell,Infectious disease,84,F,166071796,Barnabas@yahoo.com,991884
4265,Dr.Dylan,Lonnie,cardiothoracic,75,F,752506623,Dylan@gfail.cof,417143
4276,Dr.Ezra,Maxwell,Endocrinologist,82,M,168794367,Ezra@gmail.com,417575
4290,Dr.Josef,Sampson,Obstetricians,59,F,723071775,Josef@gfail.cof,418254
4302,Dr.Judas,Sanson,Neurologist,66,M,883484751,Judas@gmail.com,419307
4327,Dr.Derick,Lance,psychiatrists,79,F,297119196,Derick@gfail.cof,419370
4334,Dr.Flinn,Michail,Infectious disease,62,F,656779106,Flinn@gfail.cof,420776
4339,Dr.Harry,Percy,Psychiatrist,42,M,254408238,Harry@gmail.com,423267
4340,Dr.Kim,Shaw,surgeons,63,F,521963558,Kim@gfail.cof,424880
4349,Dr.Dustin,Llewellyn,veterinarians,53,F,598594876,Dustin@gfail.cof,425294
4360,Dr.Jotham,Sanderson,Endocrinologist,41,M,878192277,Jotham@gmail.com,426271
4372,Dr.Irving,Rey,Otolaryngologist,52,M,944616050,Irving@gmail.com,426545
4376,Dr.Higgins,Radcliffe,Nephrologist,34,F,253916017,Higgins@gfail.cof,427580
4388,Dr.John,Rusty,Physician executive,77,M,835389973,John@gmail.com,429842
4407,Dr.Garp,Myles,Nephrologist,30,F,312470797,Garp@gfail.cof,431950
4424,Dr.Geri,Nichols,Neurologist,38,M,565039522,Geri@gmail.com,432912
4447,Dr.Dieter,Lazar,Endocrinologist,43,M,448273576,Dieter@gmail.com,433655
4451,Dr.Henrique,Prent,Psychiatrist,39,M,203897402,Henrique@gmail.com,437859
4461,Dr.Jimmy,Ruddy,Pediatrician,85,M,702191693,Jimmy@gmail.com,438060
4471,Dr.Gavriel,Neddie,radiologists,56,M,611250511,Gavriel@gmail.com,438137
4476,Dr.Jere,Rolland,Infectious disease,49,M,316570158,Jere@gmail.com,438386
4485,Dr.Erhard,Marty,Nephrologist,29,M,343113005,Erhard@gmail.com,438777
4496,Dr.Izak,Richy,veterinarians,32,M,242586763,Izak@gmail.com,439913
4501,Dr.Forbes,Micky,Surgeon,65,M,370871148,Forbes@gmail.com,440566
4506,Dr.Granville,Orren,Infectious disease,78,M,861458082,Granville@gmail.com,442783
4526,Dr.Dillon,Lazaro,Otolaryngologist,46,M,942560143,Dillon@gmail.com,443417
4529,Dr.Judith,Sargent,Surgeon,47,M,226332292,Judith@gmail.com,445544
4552,Dr.Jean,Rocky,Surgeon,68,M,394524177,Jean@gmail.com,445667
4560,Dr.Husein,Red,Neurologist,41,M,838047342,Husein@gmail.com,446858
4570,Dr.Ikey,Remus,Family medicine,71,M,542800538,Ikey@gmail.com,450074
4572,Dr.Dorian,Leonidas,Internal Medicine,55,F,612197981,Dorian@gfail.cof,450881
4574,Dr.Er,Marten,Oncologist,39,M,665351842,Er@gmail.com,451534
4601,Dr.Humbert,Rawley,Gastroenterologist,52,M,241729433,Humbert@gmail.com,451654
4609,Dr.Iggie,Reggis,pediatricians,31,F,258203254,Iggie@gfail.cof,451858
4614,Dr.Desmund,Laurence,Family medicine,66,M,890865061,Desmund@gmail.com,451912
4619,Dr.Dunc,Lindsey,audiologists,43,M,740223368,Dunc@gmail.com,453351
4624,Dr.Hiro,Ram,audiologists,69,M,509534850,Hiro@gmail.com,454828
4627,Dr.Henrie,Prasad,Otolaryngologist,46,M,729071768,Henrie@gmail.com,454872
4641,Dr.Gerri,Nicky,Cardiologists,78,M,959493830,Gerri@gmail.com,455719
4657,Dr.Ernesto,Mathew,Surgeon,34,M,755805149,Ernesto@gmail.com,457571
4665,Dr.Gilburt,Nolan,Cardiologist,52,M,805673614,Gilburt@gmail.com,457694
4671,Dr.Fredrick,Mordecai,Neurologist,32,M,935728856,Fredrick@gmail.com,458818
4674,Dr.Gay,Neddy,pulmonologists,46,F,791226385,Gay@gfail.cof,458966
4675,Dr.Herold,Quiggly,veterinarians,67,M,693362750,Herold@gmail.com,460636
4676,Dr.Kennedy,Seymour,gynecologists,31,M,875286424,Kennedy@gmail.com,461290
4680,Dr.Dion,Leighton,Physician executive,64,F,936159629,Dion@gfail.cof,461397
4703,Dr.Ernie,Mathias,Physician executive,34,M,948277562,Ernie@gmail.com,461959
4706,Dr.Dimitry,Leif,Anesthesiologist,31,F,542627325,Dimitry@gfail.cof,462003
4710,Dr.Guillermo,Oswell,gynecologists,39,F,208242990,Guillermo@gfail.cof,462578
4722,Dr.Ellwood,Mahmoud,Pediatrician,52,M,505315115,Ellwood@gmail.com,464256
4727,Dr.Georgy,Nevin,Infectious disease,75,M,831061888,Georgy@gmail.com,464441
4757,Dr.Hewet,Quinton,Obstetricians/gynecologist (OBGYNs),38,M,544746192,Hewet@gmail.com,466158
4758,Dr.Dom,Lemmy,gynecologists,84,M,658339153,Dom@gmail.com,466287
4763,Dr.Giffie,Noach,cardiothoracic,39,M,134752747,Giffie@gmail.com,466844
4765,Dr.Elnar,Major,Oncologist,28,M,468306615,Elnar@gmail.com,468737
4768,Dr.Hall,Parsifal,Psychiatrist,55,F,845177252,Hall@gfail.cof,470664
4774,Dr.Kermie,Shane,pulmonologists,57,M,106765569,Kermie@gmail.com,471118
4811,Dr.Bard,Caesar,Ophthalmologist,60,M,444972881,Bard@yahoo.com,990423
4813,Dr.Justis,Sawyere,radiologists,33,M,167583217,Justis@gmail.com,472264
4823,Dr.Heinz,Plato,Gastroenterologist,80,M,997652900,Heinz@gmail.com,472342
4877,Dr.Hugo,Ravil,Oncologist,74,M,277944723,Hugo@gmail.com,473413
4894,Dr.Dirk,Lemar,dentists,39,M,768261371,Dirk@gmail.com,473662
4953,Dr.Friedric,Morrie,Cardiologists,49,F,923668256,Friedric@gfail.cof,474246
4955,Dr.Barbabas,Byram,neurologists,68,M,526983628,Barbabas@yahoo.com,987703
4959,Dr.Kam,Sayre,Family medicine,47,M,869892364,Kam@gmail.com,474802
4963,Dr.Heywood,Rabi,Pulmonologist,29,F,189440267,Heywood@gfail.cof,474990
4964,Dr.Foster,Mikhail,orthopedic surgeons,60,M,189082963,Foster@gmail.com,475423
4970,Dr.Eddy,Lowell,Nephrologist,45,M,745512723,Eddy@gmail.com,475512
4977,Dr.Juan,Sandor,Ophthalmologist,70,M,243769388,Juan@gmail.com,475564
4992,Dr.Garwin,Nathaniel,Cardiologists,46,M,170865281,Garwin@gmail.com,477268
5024,Dr.Garrot,Nahum,Otolaryngologist,38,M,377613666,Garrot@gmail.com,477924
5037,Dr.Averell,Bryant,surgeons,84,F,197042516,Averell@yahoo.com,972382
5087,Dr.Kory,Shepherd,Anesthesiologist,28,M,335309455,Kory@gmail.com,478828
5089,Dr.Hershel,Quincy,cardiothoracic,74,M,910500782,Hershel@gmail.com,481085
5115,Dr.Gasper,Neall,gynecologists,48,M,613636433,Gasper@gmail.com,481785
5121,Dr.Jeffie,Rodrigo,cardiothoracic,82,M,583332723,Jeffie@gmail.com,483570
5129,Dr.Fox,Millicent,psychiatrists,83,M,157458629,Fox@gmail.com,483579
5135,Dr.Giorgio,Northrop,Otolaryngologist,74,F,812157885,Giorgio@gfail.cof,484753
5153,Dr.Germaine,Nick,Radiologist,51,M,871815513,Germaine@gmail.com,486308
5164,Dr.Donald,Leonard,oncologists,76,M,381448468,Donald@gmail.com,487069
5171,Dr.Hazel,Piggy,Family medicine,58,F,282849735,Hazel@gfail.cof,487952
5180,Dr.Erhart,Martyn,Endocrinologist,41,M,899870255,Erhart@gmail.com,488980
5215,Dr.Dunstan,Linoel,ENT specialists,36,M,599568925,Dunstan@gmail.com,490246
5216,Dr.Jeffrey,Rodrique,surgeons,80,M,928447862,Jeffrey@gmail.com,490738
5253,Dr.Jory,Sammie,Internal Medicine,64,F,812263554,Jory@gfail.cof,490906
5270,Dr.Hans,Paul,neurologists,33,M,660777815,Hans@gmail.com,491478
5292,Dr.Isa,Reynold,Psychiatrist,28,M,426367087,Isa@gmail.com,491764
5294,Dr.Keene,Seamus,Endocrinologist,40,F,452023221,Keene@gfail.cof,492743
5307,Dr.Dennis,Laird,ENT specialists,54,M,844829149,Dennis@gmail.com,492830
5308,Dr.Flipper,Michale,Endocrinologist,78,M,441744173,Flipper@gmail.com,493344
5316,Dr.Ezechiel,Maximilian,Infectious disease,53,M,257877312,Ezechiel@gmail.com,493470
5320,Dr.Franky,Mohamad,Internal Medicine,37,M,930301574,Franky@gmail.com,493547
5347,Dr.Gibb,Nikos,radiologists,57,M,823372691,Gibb@gmail.com,493774
5354,Dr.Ignaz,Reinhard,oncologists,44,M,898518936,Ignaz@gmail.com,494098
5365,Dr.Elwood,Marcel,Otolaryngologist,49,F,724991540,Elwood@gfail.cof,495383
5370,Dr.Harvard,Petr,Physician executive,78,M,804318516,Harvard@gmail.com,496276
5373,Dr.Erik,Marvin,Psychiatrist,85,M,894887683,Erik@gmail.com,498331
5382,Dr.Barnett,Cameron,Dermatologist,37,F,618089706,Barnett@yahoo.com,998470
5383,Dr.Herschel,Quillan,oncologists,62,M,399870117,Herschel@gmail.com,499824
5399,Dr.Gomer,Oleg,radiologists,47,M,163648262,Gomer@gmail.com,500043
5407,Dr.Efram,Lukas,audiologists,83,F,715586756,Efram@gfail.cof,500666
5410,Dr.Garry,Nat,Psychiatrist,61,M,879205766,Garry@gmail.com,500807
5419,Dr.Eliott,Maddie,oncologists,45,M,681952417,Eliott@gmail.com,501496
5428,Dr.Jared,Robert,Ophthalmologist,35,M,355406095,Jared@gmail.com,501920
5441,Dr.Goose,Olle,neurologists,32,M,354569223,Goose@gmail.com,502009
5445,Dr.John-David,Rutger,Cardiologists,71,M,605986603,David@gmail.com,502766
5446,Dr.Jonathan,Salomo,pulmonologists,62,M,519030238,Jonathan@gmail.com,503336
5448,Dr.Hannibal,Patty,oncologists,63,M,796393423,Hannibal@gmail.com,504370
5451,Dr.Hymie,Rees,Cardiologists,81,M,405649705,Hymie@gmail.com,506478
5462,Dr.Johnny,Sal,orthopedic surgeons,46,F,596526312,Johnny@gfail.cof,508491
5463,Dr.Jed,Rodge,psychiatrists,47,F,626797966,Jed@gfail.cof,508549
5473,Dr.Avrom,Bud,Infectious disease,53,M,593222043,Avrom@yahoo.com,976093
5478,Dr.Filip,Merrel,endocrinologists,70,M,169716180,Filip@gmail.com,509500
5482,Dr.Kellen,Sebastiano,Dermatologist,40,F,441201055,Kellen@gfail.cof,509850
5497,Dr.Douglis,Lev,Infectious disease,33,M,487426166,Douglis@gmail.com,510503
5507,Dr.Ignacius,Reid,pulmonologists,35,F,842484618,Ignacius@gfail.cof,515347
5541,Dr.Jerrie,Ronny,audiologists,44,F,612269339,Jerrie@gfail.cof,516214
5543,Dr.Kenny,Shaine,pediatricians,35,M,900019177,Kenny@gmail.com,516500
5544,Dr.Elmore,Maison,Cardiologist,57,M,644019107,Elmore@gmail.com,517043
5569,Dr.Freemon,Morlee,Anesthesiologist,28,F,443878697,Freemon@gfail.cof,517443
5574,Dr.Aylmer,Burgess,pulmonologists,31,F,628781158,Aylmer@yahoo.com,978704
5616,Dr.Jabez,Rickard,pulmonologists,72,M,671145231,Jabez@gmail.com,518329
5622,Dr.Hamel,Pasquale,Surgeon,66,F,497500244,Hamel@gfail.cof,518920
5627,Dr.Gustav,Owen,pulmonologists,42,M,655141389,Gustav@gmail.com,518988
5634,Dr.Filbert,Merlin,pulmonologists,63,M,705405641,Filbert@gmail.com,519225
5642,Dr.Heathcliff,Pinchas,Pediatrician,46,F,384959558,Heathcliff@gfail.cof,520163
5644,Dr.Kingsly,Sheffield,Gastroenterologist,66,M,335947827,Kingsly@gmail.com,521460
5649,Dr.Jan,Robb,Infectious disease,60,F,634682486,Jan@gfail.cof,522398
5653,Dr.Humphrey,Ray,Pulmonologist,44,M,587333919,Humphrey@gmail.com,523971
5660,Dr.Gardiner,Murdoch,gynecologist (OBGYNs),77,F,306252276,Gardiner@gfail.cof,525490
5667,Dr.Esau,Matthew,orthopedic surgeons,32,F,688312832,Esau@gfail.cof,526068
5723,Dr.Ignace,Reginald,veterinarians,37,F,993907772,Ignace@gfail.cof,526142
5796,Dr.Isidore,Riccardo,audiologists,81,F,998444227,Isidore@gfail.cof,527305
5806,Dr.Gabriello,Mose,pulmonologists,75,M,436109693,Gabriello@gmail.com,527924
5815,Dr.Garfield,Murray,Gastroenterologist,61,F,725889548,Garfield@gfail.cof,528000
5821,Dr.Hugh,Ravi,Cardiologist,48,F,499354966,Hugh@gfail.cof,528141
5840,Dr.George,Nev,Cardiologist,80,M,317755769,George@gmail.com,530449
5849,Dr.Herrmann,Quigman,pulmonologists,81,M,714079068,Herrmann@gmail.com,533067
5853,Dr.Julie,Saunderson,orthopedic surgeons,32,F,724096135,Julie@gfail.cof,537634
5888,Dr.Jessee,Roy,radiologists,64,M,193694396,Jessee@gmail.com,538020
5889,Dr.Durant,Lion,orthopedic surgeons,73,M,943128097,Durant@gmail.com,541051
5902,Dr.Ellis,Magnus,Family medicine,55,M,227913748,Ellis@gmail.com,541409
5905,Dr.Duke,Lindsay,Cardiologists,28,M,621017235,Duke@gmail.com,543140
5906,Dr.Jefferey,Rodolph,endocrinologists,45,F,591083566,Jefferey@gfail.cof,543155
5915,Dr.Giraldo,Norwood,Neurologist,81,F,430625786,Giraldo@gfail.cof,543180
5920,Dr.Englebert,Marlow,neurologists,57,F,963661372,Englebert@gfail.cof,547957
5924,Dr.Jeff,Rodolfo,pulmonologists,79,F,165919949,Jeff@gfail.cof,548194
5927,Dr.Erich,Marve,Otolaryngologist,62,M,311900962,Erich@gmail.com,550316
5928,Dr.Donny,Leonhard,surgeons,50,M,294594854,Donny@gmail.com,550826
5930,Dr.Guillaume,Oswald,ENT specialists,33,F,198006208,Guillaume@gfail.cof,551218
5959,Dr.Hilliard,Rajeev,Anesthesiologist,73,M,770790850,Hilliard@gmail.com,551226
5962,Dr.Ephraim,Marshal,Internal Medicine,80,F,478285632,Ephraim@gfail.cof,552320
5986,Dr.Horace,Randell,radiologists,72,M,972529944,Horace@gmail.com,552482
5993,Dr.Gearard,Neil,oncologists,66,F,986859670,Gearard@gfail.cof,553189
6004,Dr.Harrison,Perceval,Otolaryngologist,83,M,514950641,Harrison@gmail.com,557416
6009,Dr.Hakeem,Park,Infectious disease,67,M,188388295,Hakeem@gmail.com,559765
6010,Dr.Jean-Marc,Roderic,ENT specialists,55,M,959484397,Marc@gmail.com,561062
6013,Dr.Hillard,Rahul,Dermatologist,80,F,868929698,Hillard@gfail.cof,564835
6022,Dr.Erastus,Martin,Pulmonologist,63,M,197523759,Erastus@gmail.com,565935
6031,Dr.Dennie,Kyle,dentists,84,M,212061450,Dennie@gmail.com,567680
6037,Dr.Gregory,Osborn,Psychiatrist,74,M,940911926,Gregory@gmail.com,573531
6041,Dr.Johann,Rustie,Anesthesiologist,55,M,816275632,Johann@gmail.com,573859
6050,Dr.Duane,Lex,Neurologist,29,M,478166573,Duane@gmail.com,574592
6057,Dr.Hewitt,Rabbi,Gastroenterologist,67,F,917310858,Hewitt@gfail.cof,576633
6063,Dr.Gerald,Nevins,Nephrologist,40,M,931494834,Gerald@gmail.com,577642
6065,Dr.Griffin,Osbourne,Anesthesiologist,77,M,264830605,Griffin@gmail.com,579066
6077,Dr.Derby,Lambert,orthopedic surgeons,30,M,199774489,Derby@gmail.com,581970
6096,Dr.Harmon,Pepe,Nephrologist,76,F,564480102,Harmon@gfail.cof,582005
6101,Dr.Husain,Reagan,Psychiatrist,77,M,509029173,Husain@gmail.com,582219
6107,Dr.Ebeneser,Lothar,Cardiologist,62,M,150654015,Ebeneser@gmail.com,583626
6110,Dr.Elden,Lyn,orthopedic surgeons,33,F,195885254,Elden@gfail.cof,584766
6122,Dr.Josephus,Samuel,Oncologist,39,M,450828561,Josephus@gmail.com,590228
6125,Dr.Donn,Leonardo,neurologists,62,M,903687470,Donn@gmail.com,591810
6139,Dr.Ferdinand,Mendel,ENT specialists,33,M,477396550,Ferdinand@gmail.com,592917
6170,Dr.Friedrich,Morris,audiologists,75,F,253718515,Friedrich@gfail.cof,594813
6174,Dr.Edward,Luigi,Physician executive,72,F,694870733,Edward@gfail.cof,595306
6186,Dr.Hendrik,Powell,Endocrinologist,61,M,920047811,Hendrik@gmail.com,595971
6197,Dr.Gaven,Nealy,psychiatrists,34,M,932525853,Gaven@gmail.com,596171
6200,Dr.Kermit,Shannan,endocrinologists,54,M,801748484,Kermit@gmail.com,597208
6203,Dr.Doyle,Levin,Endocrinologist,36,M,138162591,Doyle@gmail.com,598101
6210,Dr.Giancarlo,Nikki,psychiatrists,67,F,469435451,Giancarlo@gfail.cof,599835
6236,Dr.Izaak,Richmond,psychiatrists,52,M,204896573,Izaak@gmail.com,600405
6244,Dr.Kristian,Sherlocke,Radiologist,41,M,541066984,Kristian@gmail.com,600600
6251,Dr.Ishmael,Ricardo,Cardiologists,71,F,764840101,Ishmael@gfail.cof,600956
6254,Dr.Derrol,Larry,oncologists,84,F,241502922,Derrol@gfail.cof,601857
6255,Dr.Jonah,Salman,veterinarians,81,M,987393613,Jonah@gmail.com,602312
6261,Dr.Dyson,Lonny,surgeons,46,M,110370914,Dyson@gmail.com,606470
6272,Dr.Dino,Leigh,Surgeon,37,F,429282784,Dino@gfail.cof,608895
6289,Dr.Gabriele,Morton,veterinarians,75,M,716103145,Gabriele@gmail.com,608941
6317,Dr.Elias,Mac,veterinarians,37,M,313714784,Elias@gmail.com,609556
6330,Dr.Dewitt,Lawerence,Cardiologist,53,M,262760152,Dewitt@gmail.com,611459
6332,Dr.Felice,Meier,Anesthesiologist,71,F,666990952,Felice@gfail.cof,612092
6336,Dr.Ernst,Matias,Cardiologists,35,F,975871936,Ernst@gfail.cof,612490
6340,Dr.Devon,Laurent,Pediatrician,83,M,121420885,Devon@gmail.com,613475
6358,Dr.Huntlee,Raynard,Ophthalmologist,70,M,566313949,Huntlee@gmail.com,614376
6363,Dr.Jethro,Rubin,cardiothoracic,70,M,801251771,Jethro@gmail.com,614921
6372,Dr.Herb,Prentiss,Radiologist,66,M,307754301,Herb@gmail.com,615685
6377,Dr.Forrest,Mike,dentists,75,F,212866165,Forrest@gfail.cof,616575
6389,Dr.Herby,Price,Physician executive,84,F,379060253,Herby@gfail.cof,617181
6403,Dr.Emanuel,Marcelo,Neurologist,64,F,667605655,Emanuel@gfail.cof,617945
6432,Dr.Igor,Rem,cardiothoracic,36,M,518193431,Igor@gmail.com,618010
6449,Dr.Augustin,Bronson,pulmonologists,51,M,503368814,Augustin@yahoo.com,964774
6452,Dr.Fredric,Moore,Psychiatrist,74,M,769197260,Fredric@gmail.com,618683
6454,Dr.Grant,Orlando,Pulmonologist,64,M,989177262,Grant@gmail.com,619742
6471,Dr.Karl,Scot,Oncologist,30,M,771553172,Karl@gmail.com,620113
6480,Dr.Heath,Pincas,Internal Medicine,84,F,488536504,Heath@gfail.cof,620435
6504,Dr.Dionysus,Lem,audiologists,83,M,169626293,Dionysus@gmail.com,623053
6511,Dr.Gregg,Orson,Endocrinologist,71,M,144309985,Gregg@gmail.com,624642
6513,Dr.Austin,Bruno,Otolaryngologist,48,M,221051537,Austin@yahoo.com,968635
6532,Dr.Gus,Otis,veterinarians,82,F,336122066,Gus@gfail.cof,625285
6538,Dr.Edmond,Luciano,Dermatologist,41,M,169521618,Edmond@gmail.com,625534
6551,Dr.Han,Patrick,veterinarians,63,M,776392575,Han@gmail.com,625814
6566,Dr.Dudley,Liam,Radiologist,48,M,458001316,Dudley@gmail.com,626671
6570,Dr.Hamid,Pat,Physician executive,70,F,480119628,Hamid@gfail.cof,627003
6589,Dr.Kalil,Saxon,oncologists,64,M,348436967,Kalil@gmail.com,627665
6592,Dr.Gustavo,Ozzy,oncologists,71,M,764226533,Gustavo@gmail.com,632555
6620,Dr.Francesco,Milt,radiologists,28,F,104855429,Francesco@gfail.cof,634649
6639,Dr.Hasty,Phip,radiologists,36,M,661604889,Hasty@gmail.com,636275
6646,Dr.Glen,Obadias,Surgeon,59,F,888813833,Glen@gfail.cof,636746
6652,Dr.Frazier,Mohan,Oncologist,85,M,808345394,Frazier@gmail.com,638122
6654,Dr.Drew,Levy,Otolaryngologist,35,M,648978794,Drew@gmail.com,638376
6655,Dr.Harris,Pepito,Ophthalmologist,35,F,810844875,Harris@gfail.cof,638614
6667,Dr.Kelwin,Serge,Surgeon,50,M,748667636,Kelwin@gmail.com,639217
6668,Dr.Haydon,Pierson,oncologists,47,F,204808085,Haydon@gfail.cof,639467
6672,Dr.Hailey,Paolo,Pulmonologist,34,M,557018337,Hailey@gmail.com,641285
6681,Dr.Joseph,Samson,Cardiologist,31,M,127887283,Joseph@gmail.com,642333
6689,Dr.Jarrett,Roberto,Otolaryngologist,30,M,313852029,Jarrett@gmail.com,642637
6700,Dr.Gonzales,Olin,pulmonologists,36,M,433336908,Gonzales@gmail.com,642976
6722,Dr.Ferinand,Merell,psychiatrists,29,M,812307326,Ferinand@gmail.com,645265
6724,Dr.Henry,Prentice,Neurologist,54,M,887989571,Henry@gmail.com,647071
6733,Dr.Felix,Melvin,Cardiologists,41,M,778179906,Felix@gmail.com,647303
6736,Dr.Kris,Sheridan,Psychiatrist,68,M,758149142,Kris@gmail.com,647684
6743,Dr.Emory,Markos,veterinarians,52,M,782680458,Emory@gmail.com,648525
6758,Dr.Jedediah,Rodger,veterinarians,80,F,845937467,Jedediah@gfail.cof,649476
6769,Dr.Everard,Maury,Obstetricians(OBGYNs),68,M,551138090,Everard@gmail.com,650955
6771,Dr.Jorge,Sam,Family medicine,54,F,943079339,Jorge@gfail.cof,652895
6774,Dr.Godfrey,Olaf,pediatricians,32,M,469511194,Godfrey@gmail.com,655619
6775,Dr.Ira,Reuben,Nephrologist,54,M,142882015,Ira@gmail.com,656327
6806,Dr.Kenneth,Shadow,orthopedic surgeons,57,M,247156170,Kenneth@gmail.com,659535
6815,Dr.Ingamar,Renaldo,Pediatrician,28,M,491960480,Ingamar@gmail.com,660880
6827,Dr.Gerhard,Nicholas,Dermatologist,48,M,551459591,Gerhard@gmail.com,661745
6847,Dr.Greggory,Orton,Ophthalmologist,57,M,611059084,Greggory@gmail.com,662526
6862,Dr.Haven,Pierce,pulmonologists,44,M,855500042,Haven@gmail.com,664026
6876,Dr.Ethelred,Mattias,pulmonologists,68,M,251848784,Ethelred@gmail.com,664124
6877,Dr.Ibrahim,Regen,gynecologists,46,F,402671951,Ibrahim@gfail.cof,665069
6911,Dr.Gallagher,Muffin,cardiothoracic,50,M,805936523,Gallagher@gmail.com,667253
6925,Dr.Frederico,Montgomery,Otolaryngologist,34,M,346408640,Frederico@gmail.com,667747
6929,Dr.Franklin,Mitchell,surgeons,46,F,701961302,Franklin@gfail.cof,667990
6940,Dr.Emerson,Marchall,Radiologist,79,F,893520569,Emerson@gfail.cof,668225
6948,Dr.Kingsley,Sheffie,Oncologist,32,M,355315300,Kingsley@gmail.com,670635
6956,Dr.Jennings,Roice,Obstetricians,65,M,982509942,Jennings@gmail.com,671394
6959,Dr.Frans,Mohamed,Pediatrician,47,M,583517732,Frans@gmail.com,673930
6964,Dr.Jordan,Salvador,neurologists,60,F,197476288,Jordan@gfail.cof,674105
6967,Dr.Freeman,Morgan,Radiologist,56,F,870057171,Freeman@gfail.cof,674139
6972,Dr.Giovanne,Northrup,Dermatologist,73,F,798648227,Giovanne@gfail.cof,676662
6988,Dr.Gunter,Othello,pediatricians,72,F,752032003,Gunter@gfail.cof,677133
7037,Dr.Kit,Shell,Ophthalmologist,54,M,751988967,Kit@gmail.com,677464
7081,Dr.Elton,Manish,Infectious disease,71,M,220578354,Elton@gmail.com,678822
7088,Dr.Konrad,Shep,Neurologist,52,M,688255875,Konrad@gmail.com,678880
7097,Dr.Dominick,Lennie,veterinarians,85,M,925368252,Dominick@gmail.com,679533
7101,Dr.Kerry,Shannon,oncologists,48,M,977138374,Kerry@gmail.com,679991
7129,Dr.Gregorio,Osbert,Dermatologist,63,M,757322135,Gregorio@gmail.com,680039
7132,Dr.Freddie,Moises,Pulmonologist,45,M,735393634,Freddie@gmail.com,680968
7137,Dr.Avram,Bucky,oncologists,67,M,389846260,Avram@yahoo.com,976048
7158,Dr.Garrett,Myron,Ophthalmologist,46,M,347940861,Garrett@gmail.com,681197
7161,Dr.Gardner,Murdock,Cardiologist,85,F,437141375,Gardner@gfail.cof,683215
7167,Dr.Barny,Carl,dentists,58,M,594210741,Barny@yahoo.com,999887
7175,Dr.Enoch,Marlowe,cardiothoracic,48,F,293184304,Enoch@gfail.cof,685136
7183,Dr.Flin,Michael,Pulmonologist,36,F,593634760,Flin@gfail.cof,685346
7195,Dr.Hassan,Phillipp,psychiatrists,69,M,171970453,Hassan@gmail.com,687945
7201,Dr.Graehme,Orbadiah,Obstetricians,79,F,397289592,Graehme@gfail.cof,689085
7208,Dr.Kane,Sayres,Internal Medicine,47,M,155737901,Kane@gmail.com,689711
7211,Dr.Konstantin,Shepard,Radiologist,55,M,429268291,Konstantin@gmail.com,690125
7219,Dr.Dionis,Leland,Cardiologists,28,F,259283444,Dionis@gfail.cof,691077
7237,Dr.Forster,Mikey,gynecologists,84,M,253367375,Forster@gmail.com,693281
7263,Dr.Guthrie,Paco,surgeons,66,M,505432852,Guthrie@gmail.com,693297
7268,Dr.Iago,Reese,audiologists,72,M,670971945,Iago@gmail.com,694089
7297,Dr.Jimbo,Rudd,Family medicine,68,M,992340489,Jimbo@gmail.com,694197
7299,Dr.Barde,Cain,Otolaryngologist,48,M,175999390,Barde@yahoo.com,991369
7301,Dr.Franz,Mohammad,gynecologist (OBGYNs),44,M,846792401,Franz@gmail.com,697793
7309,Dr.Grover,Osmund,audiologists,44,M,613138730,Grover@gmail.com,698718
7311,Dr.Bailey,Burl,orthopedic surgeons,61,F,808693432,Bailey@yahoo.com,979755
7343,Dr.Emmery,Marilu,dentists,30,M,177729187,Emmery@gmail.com,698943
7344,Dr.Barney,Cammy,Cardiologist,67,M,609472075,Barney@yahoo.com,998721
7353,Dr.Huntington,Raymundo,Endocrinologist,69,M,319530308,Huntington@gmail.com,699054
7401,Dr.Garold,Myke,Infectious disease,33,F,177096141,Garold@gfail.cof,699220
7402,Dr.Guido,Ossie,dentists,85,F,206093002,Guido@gfail.cof,700937
7408,Dr.Jodi,Rufe,Endocrinologist,78,F,955472549,Jodi@gfail.cof,701169
7415,Dr.Jonas,Salmon,radiologists,47,M,406337667,Jonas@gmail.com,705308
7422,Dr.Gretchen,Osborne,Neurologist,49,M,755126429,Gretchen@gmail.com,705334
7439,Dr.Dimitris,Lee,Neurologist,30,F,702534766,Dimitris@gfail.cof,705546
7446,Dr.Horatius,Randolf,oncologists,85,M,318870223,Horatius@gmail.com,705876
7452,Dr.Ev,Maurise,Family medicine,45,M,199651321,Ev@gmail.com,706444
7460,Dr.Francisco,Mischa,endocrinologists,73,F,543556298,Francisco@gfail.cof,708611
7473,Dr.Kent,Shalom,psychiatrists,55,M,268266370,Kent@gmail.com,710805
7485,Dr.Hasheem,Philbert,ENT specialists,74,M,106596178,Hasheem@gmail.com,710908
7490,Dr.Gabriell,Morty,radiologists,45,M,708570107,Gabriell@gmail.com,711798
7491,Dr.Hamlen,Patin,ENT specialists,81,M,730105494,Hamlen@gmail.com,711799
7494,Dr.Elroy,Manfred,Pulmonologist,80,M,456575861,Elroy@gmail.com,712392
7507,Dr.Emilio,Marcus,Cardiologists,72,M,977332772,Emilio@gmail.com,714192
7510,Dr.Giuseppe,Obadiah,Anesthesiologist,67,F,918072775,Giuseppe@gfail.cof,715183
7513,Dr.Kenyon,Shanan,radiologists,79,M,750747248,Kenyon@gmail.com,716910
7526,Dr.Gonzalo,Oliver,endocrinologists,52,M,865345683,Gonzalo@gmail.com,719134
7537,Dr.Francis,Milton,pulmonologists,81,F,791621694,Francis@gfail.cof,725843
7541,Dr.Goddart,Odin,gynecologists,57,M,665547553,Goddart@gmail.com,726366
7545,Dr.Hunter,Raymund,Nephrologist,68,M,973710250,Hunter@gmail.com,726445
7559,Dr.Frank,Mitchael,neurologists,50,F,252831071,Frank@gfail.cof,728973
7599,Dr.Jeromy,Roni,Physician executive,81,F,845799413,Jeromy@gfail.cof,729364
7600,Dr.Edmund,Lucien,Psychiatrist,40,M,647255483,Edmund@gmail.com,729927
7603,Dr.Joao,Rudolfo,Gastroenterologist,80,M,397370761,Joao@gmail.com,731790
7633,Dr.Jeremias,Rollo,Ophthalmologist,52,M,425709467,Jeremias@gmail.com,732591
7639,Dr.Julio,Saundra,pediatricians,63,F,568227671,Julio@gfail.cof,733620
7640,Dr.Gaspar,Neale,ENT specialists,42,M,313204282,Gaspar@gmail.com,734261
7651,Dr.Isaak,Reza,Radiologist,71,F,976607618,Isaak@gfail.cof,734347
7655,Dr.Hakim,Parke,Nephrologist,29,M,824228455,Hakim@gmail.com,735136
7659,Dr.Gamaliel,Mugsy,surgeons,57,M,925803164,Gamaliel@gmail.com,735356
7661,Dr.Francois,Mitch,oncologists,43,F,426446550,Francois@gfail.cof,735413
7663,Dr.Fabian,Mayer,Ophthalmologist,40,F,523042530,Fabian@gfail.cof,736080
7670,Dr.Dimitri,Lazarus,Dermatologist,78,F,423090813,Dimitri@gfail.cof,737932
7679,Dr.Fraser,Mohammed,Cardiologist,28,M,230537351,Fraser@gmail.com,738441
7696,Dr.Florian,Micheal,Ophthalmologist,79,M,525094685,Florian@gmail.com,738829
7701,Dr.Joshua,Sancho,Pulmonologist,52,M,183168674,Joshua@gmail.com,738966
7702,Dr.Hagan,Pail,Oncologist,55,M,973834328,Hagan@gmail.com,739756
7710,Dr.Gordie,Omar,surgeons,45,F,226456882,Gordie@gfail.cof,741377
7716,Dr.Graeme,Oren,Cardiologist,41,F,904482855,Graeme@gfail.cof,743405
7757,Dr.Ingelbert,Renard,Obstetricians,81,M,828787420,Ingelbert@gmail.com,743861
7767,Dr.Giffy,Noam,Family medicine,41,M,305307408,Giffy@gmail.com,744027
7779,Dr.Frederic,Monroe,Nephrologist,81,M,338878295,Frederic@gmail.com,744449
7780,Dr.Ellsworth,Mahesh,Internal Medicine,55,M,553667441,Ellsworth@gmail.com,744535
7784,Dr.Finley,Merrill,cardiothoracic,47,M,740873639,Finley@gmail.com,744741
7796,Dr.Baillie,Burt,Cardiologist,55,F,842074771,Baillie@yahoo.com,981540
7801,Dr.Hoyt,Ransom,Family medicine,43,F,235261977,Hoyt@gfail.cof,744979
7812,Dr.Hewe,Quintin,Pediatrician,35,M,999567059,Hewe@gmail.com,745081
7818,Dr.Harlan,Pen,Cardiologist,56,F,418884515,Harlan@gfail.cof,746158
7820,Dr.Gene,Nels,neurologists,57,F,930441363,Gene@gfail.cof,746553
7831,Dr.Erek,Martino,Infectious disease,37,M,690793363,Erek@gmail.com,750185
7854,Dr.Garvy,Nathanial,Physician executive,41,M,116515385,Garvy@gmail.com,750359
7878,Dr.Irvin,Reuven,Endocrinologist,67,M,699573628,Irvin@gmail.com,750591
7883,Dr.Barn,Cal,oncologists,59,M,114626345,Barn@yahoo.com,991615
7885,Dr.Hodge,Ramsay,gynecologists,75,M,230374204,Hodge@gmail.com,750668
7889,Dr.Ham,Pascale,Anesthesiologist,32,F,928157718,Ham@gfail.cof,750703
7903,Dr.Jean-Lou,Roddie,audiologists,42,M,212718882,Lou@gmail.com,750734
7904,Dr.Baird,Buster,dentists,68,M,416970741,Baird@yahoo.com,983811
7910,Dr.Dov,Levi,Nephrologist,69,M,502952024,Dov@gmail.com,752207
7920,Dr.Jodie,Rufus,Ophthalmologist,75,F,183910667,Jodie@gfail.cof,752690
7936,Dr.Haskel,Phillip,orthopedic surgeons,52,F,578560337,Haskel@gfail.cof,752903
7939,Dr.Hogan,Ramsey,orthopedic surgeons,77,M,790663558,Hogan@gmail.com,753419
7969,Dr.Hunt,Raymond,Infectious disease,75,M,118998406,Hunt@gmail.com,755148
7971,Dr.Ivan,Richardo,orthopedic surgeons,34,M,245155745,Ivan@gmail.com,757654
7976,Dr.Jae,Rikki,Family medicine,44,M,542261268,Jae@gmail.com,757726
8001,Dr.Hanson,Pearce,Family medicine,65,M,829938129,Hanson@gmail.com,759273
8008,Dr.Gerrard,Nickolas,Physician executive,54,M,338744246,Gerrard@gmail.com,761495
8020,Dr.French,Morly,Physician executive,85,F,903110774,French@gfail.cof,762151
8022,Dr.Herculie,Puff,dentists,58,F,315969436,Herculie@gfail.cof,762931
8032,Dr.Helmuth,Pooh,Pulmonologist,76,M,967896573,Helmuth@gmail.com,762987
8045,Dr.Emmanuel,Marietta,audiologists,85,M,394930340,Emmanuel@gmail.com,764709
8054,Dr.Jerrold,Roosevelt,dentists,38,F,605768362,Jerrold@gfail.cof,765240
8064,Dr.Franklyn,Moe,Family medicine,85,F,508173270,Franklyn@gfail.cof,765774
8067,Dr.Engelbart,Marlin,pulmonologists,51,M,671697104,Engelbart@gmail.com,765990
8085,Dr.Dmitri,Lemmie,ENT specialists,82,M,429530363,Dmitri@gmail.com,767473
8087,Dr.Felipe,Mel,Physician executive,75,M,270312341,Felipe@gmail.com,769125
8092,Dr.Jephthah,Rolando,Oncologist,75,M,121349622,Jephthah@gmail.com,769974
8094,Dr.Kelvin,Selig,Anesthesiologist,68,M,872778173,Kelvin@gmail.com,770439
8099,Dr.Hansel,Pavel,surgeons,48,M,233015496,Hansel@gmail.com,770872
8100,Dr.Hashim,Philip,gynecologists,74,M,306676109,Hashim@gmail.com,771441
8101,Dr.Glynn,Obie,Cardiologists,50,M,615519197,Glynn@gmail.com,771586
8103,Dr.Joe,Ruperto,Dermatologist,49,F,260210265,Joe@gfail.cof,774142
8132,Dr.Kalle,Say,neurologists,72,M,572326342,Kalle@gmail.com,775627
8134,Dr.Duffie,Lin,Anesthesiologist,28,M,166857744,Duffie@gmail.com,775998
8161,Dr.Ferd,Melvyn,audiologists,56,M,826245938,Ferd@gmail.com,776126
8165,Dr.Dominic,Lenard,psychiatrists,68,M,830163451,Dominic@gmail.com,777305
8169,Dr.Jeffery,Rodrick,neurologists,53,M,541377957,Jeffery@gmail.com,778526
8186,Dr.Giordano,Normie,Endocrinologist,70,M,539566251,Giordano@gmail.com,779387
8190,Dr.Inglebert,Renaud,Oncologist,71,M,992779047,Inglebert@gmail.com,779511
8191,Dr.Kalman,Sayer,cardiothoracic,32,M,538747521,Kalman@gmail.com,780536
8197,Dr.Derron,Lars,neurologists,41,F,743009255,Derron@gfail.cof,781926
8206,Dr.Guthrey,Pace,cardiothoracic,61,M,986177280,Guthrey@gmail.com,782518
8211,Dr.Haley,Parry,Dermatologist,34,F,415036861,Haley@gfail.cof,783073
8219,Dr.Emmy,Marko,psychiatrists,72,M,612047702,Emmy@gmail.com,784164
8220,Dr.Averil,Bryce,oncologists,71,M,840725549,Averil@yahoo.com,972655
8227,Dr.Jerrome,Rory,ENT specialists,85,F,206279624,Jerrome@gfail.cof,785629
8235,Dr.Ethelbert,Matthus,radiologists,85,M,200435990,Ethelbert@gmail.com,786938
8240,Dr.Ivor,Richie,pediatricians,72,M,791897387,Ivor@gmail.com,787063
8262,Dr.Haleigh,Parrnell,Otolaryngologist,72,M,202899020,Haleigh@gmail.com,787648
8264,Dr.Eduardo,Ludwig,Surgeon,47,F,236821570,Eduardo@gfail.cof,788593
8272,Dr.Easton,Lorne,Pediatrician,79,M,984027891,Easton@gmail.com,789301
8277,Dr.Giorgi,Norris,Ophthalmologist,71,M,676358444,Giorgi@gmail.com,789662
8285,Dr.Eben,Lorrie,gynecologist (OBGYNs),59,M,299948417,Eben@gmail.com,793918
8287,Dr.Kingston,Sheffy,Pulmonologist,64,M,694451102,Kingston@gmail.com,794633
8311,Dr.Edsel,Lucius,Radiologist,69,M,819689430,Edsel@gmail.com,794821
8313,Dr.Erick,Marven,Dermatologist,65,M,573289520,Erick@gmail.com,796541
8317,Dr.Ferdie,Menard,dentists,77,M,947032647,Ferdie@gmail.com,798619
8343,Dr.Fons,Michele,Psychiatrist,75,M,906774148,Fons@gmail.com,799084
8344,Dr.Howie,Ransell,surgeons,29,F,542081148,Howie@gfail.cof,801413
8345,Dr.Jamey,Roarke,Gastroenterologist,67,F,794362841,Jamey@gfail.cof,803624
8348,Dr.Forrester,Mikel,ENT specialists,83,M,241550033,Forrester@gmail.com,803944
8349,Dr.Geo,Nelsen,cardiothoracic,59,F,821418673,Geo@gfail.cof,803958
8360,Dr.Garvin,Nathanael,Surgeon,63,M,594123774,Garvin@gmail.com,803998
8366,Dr.Justin,Sawyer,veterinarians,71,M,810061084,Justin@gmail.com,804823
8381,Dr.Hewie,Rab,Oncologist,79,M,344196934,Hewie@gmail.com,807165
8405,Dr.Hollis,Rand,pediatricians,54,M,763714532,Hollis@gmail.com,807211
8410,Dr.Elwyn,Marcello,Dermatologist,31,F,999258573,Elwyn@gfail.cof,807738
8419,Dr.Fitzgerald,Mervin,Internal Medicine,42,M,877506510,Fitzgerald@gmail.com,807981
8433,Dr.Elmer,Mahmud,Obstetricians(OBGYNs),39,F,367239628,Elmer@gfail.cof,809155
8434,Dr.Jaime,Riley,Internal Medicine,39,M,646475275,Jaime@gmail.com,809283
8435,Dr.Herrick,Quigly,radiologists,31,M,341723031,Herrick@gmail.com,810629
8436,Dr.Doug,Leroy,gynecologist (OBGYNs),43,F,701137746,Doug@gfail.cof,811005
8447,Dr.Emil,Marco,Surgeon,64,M,386546916,Emil@gmail.com,812149
8452,Dr.Kenn,Seth,ENT specialists,69,M,603987561,Kenn@gmail.com,812185
8457,Dr.Fazeel,Mead,Neurologist,66,F,972520836,Fazeel@gfail.cof,813105
8458,Dr.Gayle,Neel,endocrinologists,81,F,896518400,Gayle@gfail.cof,814950
8461,Dr.Gerhardt,Nichole,Psychiatrist,53,M,456392161,Gerhardt@gmail.com,817211
8524,Dr.Fabio,Maynard,Otolaryngologist,47,F,491532606,Fabio@gfail.cof,817304
8529,Dr.Ez,Maxim,Pulmonologist,84,M,648686350,Ez@gmail.com,819350
8530,Dr.Fowler,Miles,pediatricians,28,M,514539507,Fowler@gmail.com,819479
8544,Dr.Irvine,Rex,Ophthalmologist,46,M,581197308,Irvine@gmail.com,822373
8551,Dr.Jason,Robinson,Psychiatrist,47,M,503074819,Jason@gmail.com,822464
8559,Dr.Bailie,Burnaby,Dermatologist,61,M,696202343,Bailie@yahoo.com,979762
8565,Dr.Johnnie,Ryan,gynecologists,29,M,908304180,Johnnie@gmail.com,822846
8577,Dr.Giovanni,Norton,Psychiatrist,51,F,308999160,Giovanni@gfail.cof,823556
8580,Dr.Floyd,Micheil,Otolaryngologist,68,M,829776296,Floyd@gmail.com,824776
8592,Dr.Derrek,Lane,radiologists,40,F,987926785,Derrek@gfail.cof,825281
8594,Dr.Jermain,Roman,Psychiatrist,84,M,693580315,Jermain@gmail.com,825716
8600,Dr.Hendrick,Poul,Nephrologist,34,M,324531554,Hendrick@gmail.com,826825
8602,Dr.Baily,Burton,Otolaryngologist,68,F,910211169,Baily@yahoo.com,983424
8633,Dr.Dory,Leopold,Pediatrician,84,F,390533680,Dory@gfail.cof,828246
8651,Dr.Jessey,Royal,pulmonologists,66,M,501556342,Jessey@gmail.com,829430
8654,Dr.Ephram,Marshall,Pediatrician,85,F,496938014,Ephram@gfail.cof,831089
8661,Dr.Hartwell,Peter,Anesthesiologist,54,M,682068217,Hartwell@gmail.com,832935
8663,Dr.Geoff,Nero,Family medicine,63,F,511534217,Geoff@gfail.cof,833388
8671,Dr.Barnie,Carey,Otolaryngologist,53,M,537415882,Barnie@yahoo.com,999482
8687,Dr.Jeffry,Rog,Family medicine,48,M,560558558,Jeffry@gmail.com,834748
8688,Dr.Hans-Peter,Paulo,cardiothoracic,28,M,655965736,Peter@gmail.com,835595
8689,Dr.Jesse,Rowland,veterinarians,38,M,376059365,Jesse@gmail.com,836975
8702,Dr.Jerri,Ronnie,Cardiologists,65,F,677033333,Jerri@gfail.cof,838807
8726,Dr.Jehu,Rogers,Pediatrician,29,M,723425593,Jehu@gmail.com,839345
8728,Dr.Hamnet,Patricio,psychiatrists,30,M,936621138,Hamnet@gmail.com,839871
8732,Dr.Dougie,Lesley,Oncologist,70,F,800682038,Dougie@gfail.cof,840053
8733,Dr.Giles,Noland,Oncologist,85,F,640610418,Giles@gfail.cof,841858
8742,Dr.Hanford,Patsy,pulmonologists,42,M,280380994,Hanford@gmail.com,842301
8755,Dr.Iggy,Reggy,psychiatrists,83,F,557371132,Iggy@gfail.cof,843505
8763,Dr.Giacomo,Niki,orthopedic surgeons,32,F,724622033,Giacomo@gfail.cof,844698
8767,Dr.Don,Leo,pulmonologists,44,M,984177097,Don@gmail.com,844899
8787,Dr.Jude,Sarge,Anesthesiologist,35,M,171791334,Jude@gmail.com,844927
8788,Dr.Fonz,Mickey,Radiologist,41,M,157582696,Fonz@gmail.com,845504
8793,Dr.Kip,Shelby,Infectious disease,61,M,513140176,Kip@gmail.com,845534
8795,Dr.Jens,Roland,Cardiologist,45,M,614253125,Jens@gmail.com,845596
8809,Dr.Howard,Randy,cardiothoracic,55,F,712309599,Howard@gfail.cof,847235
8821,Dr.Durward,Lionello,psychiatrists,70,F,812952571,Durward@gfail.cof,847590
8845,Dr.Janos,Robbert,Nephrologist,76,F,248858466,Janos@gfail.cof,849126
8862,Dr.Devin,Laurens,Internal Medicine,80,M,221034229,Devin@gmail.com,850599
8865,Dr.Gustave,Ozzie,endocrinologists,42,M,875946984,Gustave@gmail.com,852296
8871,Dr.Hart,Perry,Neurologist,50,M,864829371,Hart@gmail.com,855647
8885,Dr.Knox,Shem,Psychiatrist,41,M,727291703,Knox@gmail.com,855685
8892,Dr.Gershom,Niels,ENT specialists,57,F,509693114,Gershom@gfail.cof,857601
8893,Dr.Garrott,Napoleon,Dermatologist,57,M,481388037,Garrott@gmail.com,858032
8903,Dr.Garfinkel,Mustafa,Pulmonologist,33,F,549422592,Garfinkel@gfail.cof,859370
8909,Dr.Desmond,Lauren,surgeons,76,M,375358198,Desmond@gmail.com,860006
8915,Dr.Huntley,Rayner,Otolaryngologist,41,M,725822177,Huntley@gmail.com,861047
8924,Dr.Harrold,Percival,Dermatologist,80,M,780318899,Harrold@gmail.com,861873
8928,Dr.Herve,Quinlan,surgeons,74,M,947245590,Herve@gmail.com,862749
8938,Dr.Durand,Linus,gynecologists,77,M,359999780,Durand@gmail.com,864664
8950,Dr.Kalvin,Sayers,surgeons,43,M,595811137,Kalvin@gmail.com,865631
8964,Dr.Javier,Rock,Radiologist,43,M,799273881,Javier@gmail.com,866285
8967,Dr.Joey,Russel,Neurologist,54,M,605049249,Joey@gmail.com,866362
8973,Dr.Harold,Pepillo,Endocrinologist,82,F,193375677,Harold@gfail.cof,867348
8975,Dr.Ezekiel,Maximilien,Nephrologist,81,M,395296823,Ezekiel@gmail.com,867489
8988,Dr.Gregor,Orville,Otolaryngologist,56,M,870151841,Gregor@gmail.com,868250
9005,Dr.Jermaine,Romeo,Neurologist,56,M,434792588,Jermaine@gmail.com,871853
9015,Dr.Dimitrou,Lefty,Radiologist,39,F,477028144,Dimitrou@gfail.cof,873247
9023,Dr.Godard,Octavius,audiologists,84,M,208558507,Godard@gmail.com,874503
9032,Dr.Ervin,Matthaeus,ENT specialists,65,F,128391134,Ervin@gfail.cof,874826
9042,Dr.Fremont,Morley,Surgeon,70,F,960047789,Fremont@gfail.cof,876913
9047,Dr.Graham,Orin,Oncologist,53,F,449302434,Graham@gfail.cof,877245
9054,Dr.Hastings,Phineas,veterinarians,57,M,145332010,Hastings@gmail.com,878361
9064,Dr.Gil,Noble,Internal Medicine,65,M,630837360,Gil@gmail.com,879522
9082,Dr.Eberhard,Louie,Gastroenterologist,74,M,219502224,Eberhard@gmail.com,881120
9084,Dr.Gerry,Nicolas,dentists,64,F,166376147,Gerry@gfail.cof,881193
9087,Dr.Derk,Lancelot,veterinarians,75,F,267213157,Derk@gfail.cof,882255
9093,Dr.Gabriel,Mortimer,psychiatrists,38,M,635481979,Gabriel@gmail.com,883014
9098,Dr.Gunther,Otho,psychiatrists,64,F,370613093,Gunther@gfail.cof,885273
9099,Dr.Garcia,Muhammad,Family medicine,84,M,490033889,Garcia@gmail.com,886064
9100,Dr.Erl,Mason,Radiologist,52,M,307151971,Erl@gmail.com,887337
9108,Dr.Augusto,Brooke,orthopedic surgeons,68,F,762918457,Augusto@yahoo.com,966581
9116,Dr.Austen,Bruce,Cardiologist,60,F,975983868,Austen@yahoo.com,967897
9124,Dr.Elric,Malcolm,Gastroenterologist,61,M,110985934,Elric@gmail.com,888257
9150,Dr.Fairfax,Maynord,Dermatologist,71,F,138919609,Fairfax@gfail.cof,892465
9155,Dr.Hamilton,Patel,audiologists,60,M,285502399,Hamilton@gmail.com,892575
9157,Dr.Haywood,Pietro,surgeons,54,F,909323622,Haywood@gfail.cof,893659
9164,Dr.Ethan,Matthiew,veterinarians,54,M,885978486,Ethan@gmail.com,894477
9175,Dr.Harley,Pennie,Gastroenterologist,84,F,430137312,Harley@gfail.cof,894678
9179,Dr.Farley,Mayor,Psychiatrist,74,F,626180620,Farley@gfail.cof,898468
9183,Dr.Glenn,Oberon,Physician executive,40,F,627016007,Glenn@gfail.cof,899358
9197,Dr.Derrin,Lanny,endocrinologists,85,F,567813086,Derrin@gfail.cof,899954
9209,Dr.Barclay,Byron,Radiologist,40,M,302009768,Barclay@yahoo.com,989676
9214,Dr.Georges,Nevil,Oncologist,81,M,849451984,Georges@gmail.com,901070
9216,Dr.Elvin,Manny,Nephrologist,52,M,510309289,Elvin@gmail.com,901146
9218,Dr.Ignacio,Reginauld,radiologists,42,F,984920276,Ignacio@gfail.cof,901888
9226,Dr.Kevan,Shaughn,neurologists,84,F,368447274,Kevan@gfail.cof,903997
9235,Dr.Hill,Ragnar,Otolaryngologist,50,F,982548716,Hill@gfail.cof,907073
9236,Dr.Klee,Shelton,Dermatologist,83,M,240570475,Klee@gmail.com,907658
9241,Dr.Griswold,Osgood,Physician executive,28,M,564010565,Griswold@gmail.com,907662
9251,Dr.Hillery,Raj,Radiologist,65,M,437729368,Hillery@gmail.com,907730
9260,Dr.Ewan,Maxfield,Oncologist,33,M,474624800,Ewan@gmail.com,910752
9273,Dr.Ford,Miguel,Physician executive,32,M,548547768,Ford@gmail.com,910975
9283,Dr.Ephrayim,Mart,Obstetricians(OBGYNs),68,F,101761207,Ephrayim@gfail.cof,911363
9286,Dr.Fritz,Morse,ENT specialists,63,F,148134515,Fritz@gfail.cof,912614
9323,Dr.Federico,Meade,Radiologist,54,F,562446417,Federico@gfail.cof,913190
9326,Dr.Joaquin,Rudolph,Pulmonologist,83,F,756718019,Joaquin@gfail.cof,913389
9327,Dr.Herbert,Prescott,Anesthesiologist,80,M,879469544,Herbert@gmail.com,918091
9329,Dr.Griff,Osbourn,Radiologist,51,M,519781988,Griff@gmail.com,919957
9331,Dr.Hammad,Patrice,pediatricians,51,M,304324798,Hammad@gmail.com,920083
9332,Dr.Kaiser,Sax,pulmonologists,85,M,721811357,Kaiser@gmail.com,921624
9340,Dr.Jereme,Rollin,Nephrologist,68,M,353829166,Jereme@gmail.com,921964
9346,Dr.Gunner,Otes,orthopedic surgeons,40,F,827678023,Gunner@gfail.cof,923480
9362,Dr.Frederik,Monty,Dermatologist,60,M,863134253,Frederik@gmail.com,924828
9376,Dr.Bancroft,Butler,oncologists,85,M,453473469,Bancroft@yahoo.com,986507
9388,Dr.Hadrian,Paige,Cardiologist,48,M,805559387,Hadrian@gmail.com,926228
9391,Dr.Edie,Lucian,Otolaryngologist,59,M,140460176,Edie@gmail.com,927028
9403,Dr.Duncan,Lindy,dentists,84,M,728042470,Duncan@gmail.com,927100
9412,Dr.Geof,Nelson,surgeons,71,F,261349406,Geof@gfail.cof,927812
9423,Dr.Jackie,Ricki,oncologists,52,M,256527622,Jackie@gmail.com,928169
9424,Dr.Dwight,Lon,neurologists,66,F,189304959,Dwight@gfail.cof,929262
9432,Dr.Johan,Russell,Radiologist,75,M,474202751,Johan@gmail.com,930358
9434,Dr.Henri,Praneetf,Ophthalmologist,37,M,369406360,Henri@gmail.com,931597
9468,Dr.Klaus,Shelley,Otolaryngologist,67,M,941547837,Klaus@gmail.com,932806
9481,Dr.Englebart,Marlon,oncologists,53,M,230126962,Englebart@gmail.com,933158
9486,Dr.Dickie,Lay,Infectious disease,58,M,986045051,Dickie@gmail.com,935191
9493,Dr.Avraham,Buck,Otolaryngologist,37,M,582133813,Avraham@yahoo.com,975932
9532,Dr.Gabe,Mortie,pediatricians,31,M,269749814,Gabe@gmail.com,935511
9543,Dr.Errol,Matteo,dentists,52,F,117661977,Errol@gfail.cof,935978
9555,Dr.Hadley,Page,gynecologist (OBGYNs),61,M,447134969,Hadley@gmail.com,936355
9558,Dr.Hercules,Pryce,audiologists,61,F,491984794,Hercules@gfail.cof,936928
9562,Dr.Hersch,Quill,endocrinologists,55,M,919248742,Hersch@gmail.com,937241
9620,Dr.Earl,Loren,Family medicine,68,M,448020623,Earl@gmail.com,937355
9624,Dr.Jerold,Ronald,Anesthesiologist,68,F,562427172,Jerold@gfail.cof,942585
9625,Dr.Jeb,Roderigo,pediatricians,32,F,925615634,Jeb@gfail.cof,942753
9626,Dr.Keith,Sebastian,Otolaryngologist,52,F,904520783,Keith@gfail.cof,943695
9642,Dr.Filipe,Merrick,oncologists,47,M,679673395,Filipe@gmail.com,944177
9645,Dr.Edwin,Luis,Cardiologists,63,F,109888769,Edwin@gfail.cof,945844
9649,Dr.Douglass,Lester,Pulmonologist,28,F,478695020,Douglass@gfail.cof,948528
9667,Dr.Hartley,Pete,Radiologist,38,M,507956225,Hartley@gmail.com,950222
9683,Dr.Etienne,Mattie,endocrinologists,59,M,871080628,Etienne@gmail.com,950394
9685,Dr.Hadleigh,Padraig,Pediatrician,29,M,299007048,Hadleigh@gmail.com,950818
9702,Dr.Jim,Ruby,surgeons,44,M,713732002,Jim@gmail.com,951156
9725,Dr.Jon,Salim,psychiatrists,49,M,924981749,Jon@gmail.com,951366
9745,Dr.Elisha,Maddy,neurologists,49,M,297774009,Elisha@gmail.com,952090
9756,Dr.Denis,Kurtis,audiologists,59,M,982056952,Denis@gmail.com,952641
9772,Dr.Baldwin,Butch,surgeons,51,M,436717961,Baldwin@yahoo.com,983875
9829,Dr.Hilton,Raleigh,Surgeon,83,M,354375841,Hilton@gmail.com,953421
9830,Dr.Herbie,Preston,Surgeon,53,M,349896446,Herbie@gmail.com,954066
9831,Dr.Gale,Moshe,oncologists,28,M,673717527,Gale@gmail.com,954166
9846,Dr.Jerzy,Roth,pediatricians,33,M,907061648,Jerzy@gmail.com,954480
9861,Dr.Jake,Rinaldo,Pediatrician,79,F,261888485,Jake@gfail.cof,954698
9869,Dr.Jarvis,Robin,Dermatologist,83,M,881490860,Jarvis@gmail.com,956573
9882,Dr.Barnaby,Calhoun,pulmonologists,52,F,171707148,Barnaby@yahoo.com,995701
9890,Dr.Avi,Bubba,Ophthalmologist,75,M,256907424,Avi@yahoo.com,975028
9919,Dr.Domenico,Len,pediatricians,54,M,991447022,Domenico@gmail.com,957364
9938,Dr.Geoffry,Nester,Pediatrician,80,M,647157880,Geoffry@gmail.com,957542
9948,Dr.Dickey,Lawton,Pulmonologist,83,M,912018883,Dickey@gmail.com,957568
9980,Dr.Earle,Lorenzo,Internal Medicine,75,M,158899822,Earle@gmail.com,960952
9993,Dr.Ely,Marcellus,Psychiatrist,79,F,165405374,Ely@gfail.cof,961102
9994,Dr.Keil,Sean,Ophthalmologist,44,F,102228000,Keil@gfail.cof,962429
9995,Dr.Juergen,Saul,audiologists,29,F,781764407,Juergen@gfail.cof,963980
