p_id,p_fname,p_lname,p_age,p_gender,p_symptoms,p_add,p_pin,p_country,p_cont,p_mail
100740,Ephraim,Irvine,2,F,Migraine,Peddakalva,517125,INDIA,4028786137,131796@gmail.com
101393,Dougie,Tesha,6,F,"Varicose veins",Madumuru,517370,INDIA,9711241692,81786@gmail.com
102591,Giancarlo,Kimmo,35,F,Malaria,Chilakampalli,516259,INDIA,4020085326,Amory@ramsayhealth.co.uk
104251,Jeremy,Nathana,36,M,Gastroenteritis,Uppatur,516501,INDIA,8575079218,Chrissy@gmail.com
104538,Hakeem,Lew,37,M,"Alcoholic hepatitis",Kalvapalli,516228,INDIA,9672300853,Augusto@gmail.com
104622,Kane,Orion,26,F,Typhoid,Chinnachigullarevu,515631,INDIA,3891144856,Cyrillus@gmail.com
105667,Dwaine,Hewett,1,F,Jaundice,Mittachintavaripalle,517247,INDIA,9970198862,94931@gmail.com
106153,Er,Isaac,3,F,Malaria,Peddavelagathur,517247,INDIA,8594569360,132800@gmail.com
106404,Haskel,Mack,27,M,"Heart attack",Lingampalli,516002,INDIA,3755330696,Bartholomew@gmail.com
108161,Jermain,Nathania,14,M,Gastroenteritis,Utukur,516126,INDIA,7160486250,Christ@gmail.com
112157,Irwin,Micky,23,F,Allergy,"Rayavaram (Cuddapah)",516129,INDIA,6651554608,Butch@gmail.com
112815,Keenan,Osborn,64,M,"hepatitis A",Cholemarri,515124,INDIA,3887269126,Damien@gmail.com
114381,Justis,Ollie,33,M,Dengue,Cherlokodigepalli,515303,INDIA,9114248410,Cristopher@gmail.com
115161,Donn,Shareka,2,M,"Hepatitis D","Madanapalle Bazar",517326,INDIA,9999149460,78039@gmail.com
115210,Jere,Napoleon,36,T,Gastroenteritis,Tripuravaram,516203,INDIA,3481789665,Chev@gmail.com
115508,Fredrick,Johnny,32,M,"Hypertension ",Yadamari,517422,INDIA,1705752654,Adlai@hotmail.com
117631,Germaine,Kenny,37,M,Jaundice,Chemmumiapet,516003,INDIA,5711963209,Alston@ramsayhealth.co.uk
121004,Jerrold,Nealy,19,M,"Bronchial Asthma",Veeraballi,516268,INDIA,3511150974,Christopher@gmail.com
122336,Hamil,Lion,33,M,Tuberculosis,Kattavaripalli,516128,INDIA,8975732601,Avrom@gmail.com
122443,Griffin,Lemar,33,M,"Hepatitis C",Gundlacheruvu,516267,INDIA,1306932471,Arnold@gmail.com
124861,Laurance,Penrod,48,F,Tuberculosis,Gummaiahgaripalli,515231,INDIA,9999999999,Deryl@gmail.com
125365,Kenton,Pablo,35,F,"Hepatitis C",Dodderi,515321,INDIA,6229550409,Darrel@gmail.com
127140,Harrold,Ludwig,55,M,"Dimorphic hemmorhoids(piles)","Ksrm Engg College",516003,INDIA,5543587346,Barri@gmail.com
127206,Jeramie,Nahum,39,M,Gastroenteritis,Thumukunta,516267,INDIA,5641336030,Chet@gmail.com
127305,Hurley,Meir,53,M,Psoriasis,Porumamilla,516193,INDIA,4006604133,Brewster@gmail.com
127916,Ken,Oswell,53,M,"Hepatitis B",Darsimala,515672,INDIA,8810030347,Dante@gmail.com
128030,Garey,Judas,44,M,"(vertigo) Paroymsal  Positional Vertigo",Anumpalli,516269,INDIA,7242634561,Alastair@nhs.net
128982,Hervey,Marten,36,M,Osteoarthristis,Nakkalapalli,516128,INDIA,4144207356,Berkley@gmail.com
130018,Griff,Lem,45,M,"Hepatitis C",Gudem,516227,INDIA,9341960142,Arnie@gmail.com
130403,King,Parke,48,M,"Hepatitis D",Erradoddi,515541,INDIA,8639156082,David@gmail.com
130930,Dryke,Briann,10,M,Psoriasis,Mamadugu,517432,INDIA,9711300107,86833@gmail.com
132878,Guillaume,Lennie,33,M,"Hepatitis D","Guriginja Kunta",516215,INDIA,4424653833,Arthur@gmail.com
132918,Felix,Jeff,24,M,Tuberculosis,Sarakallu,517129,INDIA,9372264356,176@gmail.com
135568,James,Monroe,31,F,"Drug Reaction",Siddavaram,516127,INDIA,3236932369,Carter@gmail.com
136631,Josef,Norman,52,F,Malaria,Bonthalapalle,515531,INDIA,6205159689,Connolly@gmail.com
137332,Ferdie,Jefferson,30,M,Pneumonia,Settivanatham,517167,INDIA,7760764528,187@gmail.com
138762,Cristopher,Chance,55,F,"Dimorphic hemmorhoids(piles)","Ctr Market",517001,INDIA,1773824171,6983@gmail.com
138832,Erl,Ivor,7,M,"Common Cold",Polakala,517130,INDIA,6395138883,140725@gmail.com
140254,Fletcher,Jermayne,19,F,AIDS,Tavalam,517280,INDIA,3401742673,450@gmail.com
143277,Elwyn,Ian,6,F,"Dimorphic hemmorhoids(piles)",Pachigunta,517421,INDIA,5696474220,114254@gmail.com
144631,Dunc,Christiane,2,M,"Peptic ulcer diseae",Marrimakulapalle,517247,INDIA,9810288528,89492@gmail.com
146713,Johann,Nicolas,44,F,"Cervical spondylosis",Aswartharayaniroppam,515301,INDIA,4559515158,Cleveland@gmail.com
147115,Elnar,Husein,2,M,"Hepatitis B",Nidigunta,517432,INDIA,1893247689,112183@gmail.com
147317,Jordy,Nolan,23,M,Jaundice,"BIT College",515202,INDIA,9694409785,Collin@gmail.com
147443,Elden,Howie,6,F,"Drug Reaction",Naragallu,517403,INDIA,9338082990,103688@gmail.com
147932,Hewe,Martin,38,M,Osteoarthristis,"Nandalur Bazar",516150,INDIA,6771635319,Bernardo@gmail.com
148042,Gordie,Lawerence,25,M,"hepatitis A",Galivaripalli,516126,INDIA,4914775506,Aram@gmail.com
151151,Felice,Jed,48,M,"Hepatitis D",Sanganapalle,517426,INDIA,5853763108,149@gmail.com
151305,Jeffery,Munroe,48,F,"Diabetes ",Thavaripalli,516203,INDIA,9230794481,Charlton@gmail.com
152569,Joshuah,Northrup,38,F,Malaria,Budanampalle,515511,INDIA,2960988063,Constantine@gmail.com
153065,Harvie,Lyndon,32,M,"Heart attack",Kurnoothala,516257,INDIA,2502019934,Barthel@gmail.com
153415,Gonzales,Lauren,22,M,"hepatitis A",Endapalli,516269,INDIA,9976363301,Antonius@gmail.com
153568,Giordano,Kris,23,M,Dengue,"Cuddapah R.S",516004,INDIA,1180850268,Andrzej@gmail.com
153671,Jared,Morgan,53,F,"Peptic ulcer diseae",Somireddypalli,516503,INDIA,5986989720,Cass@gmail.com
156016,Friedric,Jonathan,28,F,Malaria,Yetteri,517125,INDIA,2177937489,Adolphe@gmail.com
156461,Jude,Odell,27,M,"Chicken pox",Chagaleru,515601,INDIA,7277811259,Cornellis@gmail.com
156514,Joaquin,Niccolo,24,M,Migraine,"Agali (Ananthapur)",515311,INDIA,7958192596,Clayborne@gmail.com
161051,Dylan,Hezekiah,9,F,Typhoid,"Mogili Venkatagiri",517429,INDIA,1943621249,95449@gmail.com
162659,Hershel,Mart,52,M,Hypoglycemia,Nagavaram,516110,INDIA,3816237570,Berkeley@gmail.com
163521,Friedrich,Jonathon,32,F,"Chicken pox",Abbavaram,516270,INDIA,8173086136,Adolpho@gmail.com
165434,Jeremiah,Natale,73,M,Gastroenteritis,Upparapalli,516126,INDIA,2045373702,Chevy@gmail.com
165489,Hermann,Markus,62,M,Hyperthyroidism,Mundlapalli,516162,INDIA,9082930034,Bennett@gmail.com
165518,Dominic,Rheanna,7,M,"Chicken pox",Kurizala,517417,INDIA,9999828335,72395@gmail.com
165685,Godfry,Larry,26,M,Typhoid,Eguvanelatur,516502,INDIA,4467978415,Antonin@gmail.com
166812,Hailey,Levy,46,M,"Alcoholic hepatitis",Kalpanayunicheruvu,516504,INDIA,1830695763,Augustine@gmail.com
171013,Forrest,Jesus,26,M,"Hepatitis D",Thummanamgutta,517351,INDIA,8817188565,615@gmail.com
171169,Gerold,Kent,33,M,Jaundice,Chenduvoyi,516501,INDIA,1035132947,Alton@ramsayhealth.co.uk
171483,Harris,Lucius,62,M,"Dimorphic hemmorhoids(piles)",Kotlur,516203,INDIA,4623826179,Barret@gmail.com
172438,Flipper,Jerri,49,M,"Hypertension ",Thalambedu,517419,INDIA,1440904357,480@gmail.com
174155,Jasper,Morrie,26,M,"Peptic ulcer diseae",Surabhi,516259,INDIA,6959746425,Chad@gmail.com
174339,Gomer,Laurance,17,M,"hepatitis A",Ekilapalli,516257,INDIA,2487164620,Antonio@gmail.com
174398,Jordan,Noe,22,M,Jaundice,Birepalli,515212,INDIA,4839377006,Coleman@gmail.com
175640,Howard,Maury,33,T,Acne,Peddapalle,516247,INDIA,8857834506,Boyd@gmail.com
175858,Herman,Markos,44,F,Hyperthyroidism,Mulapalli,516259,INDIA,1653778366,Bennet@gmail.com
175864,Gilberto,Klee,34,M,"Chicken pox",Chintharajupalli,516152,INDIA,5561154374,Andrej@nhs.net
176277,Harcourt,Louis,61,M,Pneumonia,Kongalaveedu,516502,INDIA,2964428758,Barnaby@gmail.com
176440,Guido,Lenard,48,M,"Hepatitis C",Guntimadugu,516257,INDIA,2920166050,Arther@gmail.com
177314,Fletch,Jermaine,28,F,"Peptic ulcer diseae",T.Sowdasamudram,517390,INDIA,1377572088,448@gmail.com
177335,Jamie,Montgomery,44,F,"Drug Reaction",Singamvaripalli,516267,INDIA,5145113508,Case@gmail.com
177483,Hanford,Lonny,35,M,"Common Cold",Konapuram,516151,INDIA,1034761765,Bancroft@gmail.com
181268,Karl,Orson,25,T,Typhoid,Chinnarayanipalli,515501,INDIA,6861054071,Dale@gmail.com
182706,Haywood,Maison,38,F,"Varicose veins",Malemarpuram,516128,INDIA,1945234038,Basil@gmail.com
184055,Engelbert,Inglebert,6,M,"Peptic ulcer diseae",Patnam,517131,INDIA,1050349834,127206@gmail.com
185936,Engelbart,Ingemar,9,M,"Drug Reaction",Pathikonda,517432,INDIA,5632367354,127144@gmail.com
187667,Dionis,Nathaly,5,F,"Bronchial Asthma",Kotrakona,517127,INDIA,9899350459,71108@gmail.com
189381,Josephus,Normie,48,T,Malaria,Brahmasamudram,515124,INDIA,5506330919,Conrad@gmail.com
189903,Jean-Lou,Mortie,52,M,AIDS,T.Kammapalli,516107,INDIA,3475422360,Chalmers@gmail.com
190283,Drew,Augusta,6,F,Acne,"Mallan R.S.",517425,INDIA,9873620453,85394@gmail.com
191926,Hercules,Mark,45,T,Hyperthyroidism,Mudumpadu,516129,INDIA,7958330853,Benjy@gmail.com
192170,Johannes,Niels,38,M,"Cervical spondylosis",Atmakur,515631,INDIA,7459506662,Cliff@gmail.com
195034,Fleming,Jeremy,26,F,"Chronic cholestasis",T.Salimamidi,517370,INDIA,3349465296,431@gmail.com
195062,Hollis,Mattie,25,M,"(vertigo) Paroymsal  Positional Vertigo",Pandikunta,516267,INDIA,4543747865,Bob@gmail.com
197364,Harold,Lucio,53,F,Pneumonia,Kothapet,516163,INDIA,2425965559,Barr@gmail.com
199176,Haven,Magnum,26,F,"Heart attack",Madanagopalapuram,516126,INDIA,1372806839,Bartolomei@gmail.com
199193,Hobart,Matthiew,33,M,"(vertigo) Paroymsal  Positional Vertigo",Padamatikona,516214,INDIA,6843834252,Blare@gmail.com
199656,Juan,Nunzio,33,T,Malaria,Budilisettipalli,515241,INDIA,4400507491,Cooper@gmail.com
200328,Dillon,Laquana,5,M,Allergy,Kotevuru,517326,INDIA,6266919090,64839@gmail.com
200350,Geof,Keenan,33,F,Tuberculosis,Botumeedipalli,516108,INDIA,3178156129,Algernon@spireclarepark.com
202648,Job,Nicholas,38,T,Migraine,Agraharam,515281,INDIA,8925918644,Claybourne@gmail.com
202688,Hendrick,Marcellus,52,M,Hypothyroidism,"Mannur (Cuddapah)",516126,INDIA,1771852550,Beaufort@gmail.com
203101,Horace,Mauricio,64,M,Acne,Patur,516150,INDIA,3779557113,Bogart@gmail.com
203776,Karsten,Orton,35,M,Typhoid,Chippalamadugu,515541,INDIA,3200360924,Dallas@gmail.com
204452,Graehme,Lay,55,F,"Hepatitis B",Gangarapupalli,516259,INDIA,3736094926,Archon@gmail.com
204753,Eldon,Hoyt,2,F,"Peptic ulcer diseae",Naraharipet,517132,INDIA,2022531666,105197@gmail.com
205871,Kendrick,Otho,26,F,"Hepatitis B",Dhaniyancheruvu,515521,INDIA,3464049193,Daren@gmail.com
205919,Hilbert,Mason,27,T,Arthritis,Neelakantaraopet,516504,INDIA,6230443445,Biff@gmail.com
206461,Dominick,Rory,10,M,Dengue,Kurmai,517408,INDIA,9871112852,72720@gmail.com
206552,Gardner,Judah,17,M,Arthritis,Anumpalli,516104,INDIA,3862721240,Alasdair@nhs.net
208752,Hammad,Lockwood,48,M,Tuberculosis,Kokkarayapalli,516162,INDIA,3351957311,Baillie@gmail.com
211471,Gardiner,Jud,52,M,Osteoarthristis,Ankanagodiganur,516228,INDIA,4219215354,Alan@yahoo.co.in
211728,Clare,Huff,42,M,Allergy,Akanambattu,517124,INDIA,3000132000,1197@gmail.com
211857,Hart,Luis,38,M,"Dimorphic hemmorhoids(piles)","Kukkala Doddi",516101,INDIA,7467559914,Barris@gmail.com
212555,Iago,Meredith,28,M,Psoriasis,Pullaveedu,516193,INDIA,8452829902,Broddy@gmail.com
214515,Jules,Ole,39,M,Dengue,Cheekatimanipalli,515571,INDIA,8587829037,Costa@gmail.com
214606,Emmit,Ike,3,M,Impetigo,Pantramanapalle,517004,INDIA,6787825060,122882@gmail.com
217643,Fazeel,Jean-Pierre,18,F,"Hepatitis B",Samireddipalle,517126,INDIA,6685154942,132@gmail.com
220960,Johnathan,Nikki,45,M,"Paralysis (brain hemorrhage)",Balasamudram,515571,INDIA,4002571791,Clinten@gmail.com
222698,Ham,Lindy,37,F,Tuberculosis,Kasthurirajupalli,516257,INDIA,6932721598,Avi@gmail.com
223878,Dmitri,Paisley,6,F,"Cervical spondylosis",Kudurucheemanapalle,517247,INDIA,9811045013,72011@gmail.com
227973,Jodi,Nichols,23,F,"Cervical spondylosis",Aladahalli,515281,INDIA,9703873908,Cleland@gmail.com
228046,Kareem,Orlando,37,M,Typhoid,Chinnaganapalle,515556,INDIA,7507740282,Cyrus@gmail.com
228316,Godart,Lance,27,M,Typhoid,Dirasavantsa,516502,INDIA,9604585816,Antin@gmail.com
229696,Javier,Morris,37,M,"Peptic ulcer diseae",Surapurajupalli,516101,INDIA,4231522004,Chadd@gmail.com
233044,Elliot,Hunt,2,M,"Paralysis (brain hemorrhage)",Nekkondi,517247,INDIA,8397977612,107636@gmail.com
233820,Harry,Luigi,65,T,"Dimorphic hemmorhoids(piles)",Kuchivaripalli,516126,INDIA,7317727938,Barrie@gmail.com
233890,Edouard,Hogan,5,M,Arthritis,Nadimpalle,517417,INDIA,9855849946,99149@gmail.com
234497,Ignace,Merril,27,F,Impetigo,Rachapalli,516213,INDIA,1987920336,Brooke@gmail.com
235227,Frederico,Johnathan,28,F,"Diabetes ",Vepanjeri,517125,INDIA,1225048534,Addie@hotmail.com
235473,Humphrey,Maynard,73,F,"Urinary tract infection","Pincha Dam Site",516129,INDIA,4594479552,Brant@gmail.com
237502,Gay,Karim,36,F,"Hepatitis B",Bhumayapalli,516203,INDIA,7115690040,Alfonso@nhs.net
237664,Jeromy,Neall,31,M,"Bronchial Asthma",Varadaiahgaripalli,516126,INDIA,4392609720,Christofer@gmail.com
241033,Hyatt,Mendel,38,M,Psoriasis,Pulikunta,516267,INDIA,4373286257,Britt@gmail.com
241544,Iain,Merell,35,M,Psoriasis,"Pullur kottalu",516203,INDIA,9288044119,Broderic@gmail.com
242253,Harvey,Lyn,42,M,"Dimorphic hemmorhoids(piles)",Kuppam,516259,INDIA,3456840190,Barth@gmail.com
243985,Kelley,Osgood,17,M,"hepatitis A",D.Cherlopalli,515672,INDIA,3444504586,Dani@gmail.com
246064,Hewett,Marty,44,M,Osteoarthristis,Nandipalli,516502,INDIA,1147675862,Bernhard@gmail.com
246626,Eli,Hubert,10,M,AIDS,Narasimhapuram,517419,INDIA,1248538391,105355@gmail.com
248222,Elias,Hudson,3,M,"Diabetes ",Narasimharajapuram,517421,INDIA,8372995501,105504@gmail.com
248563,Ezra,Jean-Francois,60,F,Malaria,Ripunjirajapuram,517167,INDIA,9315514514,77@gmail.com
250162,Giovanni,Kristos,33,F,Dengue,Dappepalli,516257,INDIA,7813349520,Angelo@gmail.com
251968,Holly,Matty,18,M,"(vertigo) Paroymsal  Positional Vertigo",Pandillapalli,516267,INDIA,3159967901,Bobbie@gmail.com
252250,Izzy,Mitchel,33,M,"Chronic cholestasis","Sanjeevi Nagar",516269,INDIA,6040790459,Carleigh@gmail.com
252658,Ez,Jay,57,M,"Cervical spondylosis",Reddivaripalle,517326,INDIA,1455953276,23@gmail.com
253113,Langston,Pen,33,F,Tuberculosis,Guddampalle,515291,INDIA,4578963248,Derrick@gmail.com
255833,Ferguson,Jeffry,24,M,Hypothyroidism,Sivadi,517432,INDIA,7436239886,255@gmail.com
257583,Don,Shalanda,4,M,"hepatitis A",Lakkanapalle,517415,INDIA,9899954513,73023@gmail.com
258786,Griswold,Lemmy,32,M,"Hepatitis C",Gundlur,516150,INDIA,3346100219,Aron@gmail.com
260932,Fabio,Jean-Luc,27,F,Dengue,Royalpet,517414,INDIA,8799387527,91@gmail.com
261910,Harlin,Lucian,36,F,Pneumonia,Kothapalli,516163,INDIA,5783826756,Barnie@gmail.com
262632,Garv,Julio,32,M,AIDS,Balathimmayyagaripalli,516259,INDIA,5465902080,Aldwin@nhs.net
262779,Gail,Josephus,24,M,"Common Cold",Almaspet,516001,INDIA,5124376561,Ahmad@gmail.com
265250,Giorgi,Krishna,65,F,Dengue,Dalavaipalli,516107,INDIA,5938736869,Andy@gmail.com
266638,Jean,Morse,19,M,"Peptic ulcer diseae","T. Sakibanda",516214,INDIA,4034734269,Chaddy@gmail.com
267227,Freeman,Johny,33,M,Migraine,Yeddulavaripalle,517418,INDIA,9249409647,Adnan@yahoo.com
269834,Jefferson,Munmro,39,M,"Diabetes ",Thangedupalli,516502,INDIA,4935895270,Charlie@gmail.com
270175,Garret,Judy,45,F,"Fungal infection",Araveedu,516267,INDIA,2964490707,Alden@nhs.net
270592,Franklin,Jock,17,M,Arthritis,Vavilthota,517127,INDIA,5668404172,Abdul@yahoo.co.in
273623,Fredric,Johnnie,42,M,"Bronchial Asthma",Vizalapuram,517425,INDIA,8600152718,Aditya@yahoo.in
273999,Dugan,Charly,2,M,"Chronic cholestasis",Marakalakuppam,517132,INDIA,9811810197,89260@gmail.com
274440,Hasty,Madison,27,M,"Heart attack",Madakalavaripalli,516233,INDIA,5118580370,Bartolemo@gmail.com
275692,Jarvis,Morley,46,M,"Peptic ulcer diseae",Suddamalla,516504,INDIA,6836598810,Cecil@gmail.com
278539,Gere,Kendrick,24,M,"Urinary tract infection","CENTRAL PRISON",516002,INDIA,6758707666,Alonzo@ramsayhealth.co.uk
280441,Jeffry,Murphy,35,F,"Diabetes ",Thimmayyagaripalli,516128,INDIA,5231403323,Chaunce@gmail.com
281150,Hayward,Mahmud,42,T,"Varicose veins",Madithadu,516129,INDIA,1398243911,Bary@gmail.com
281381,Donny,Shianne,3,M,"Alcoholic hepatitis","Madanapalleciety Colony",517325,INDIA,9999483084,78653@gmail.com
282091,Hilton,Matthaeus,44,M,Arthritis,Obulampalli,516162,INDIA,7353290528,Bjorn@gmail.com
282234,Harwell,Lynn,33,T,"Heart attack","Lakkireddy Palli",516257,INDIA,6951968811,Bartholemy@gmail.com
282297,Garrott,Jules,45,F,"Chronic cholestasis","B . Kodur",516228,INDIA,6756816728,Aldric@spiresussex.com
283027,Dorian,Sloan,7,M,"Common Cold",Maddinayanipalle,517351,INDIA,9899008796,80463@gmail.com
283643,Gill,Konstantin,24,M,"Chicken pox",Chiyyavaram,516101,INDIA,9518276830,Andrey@gmail.com
286495,Gerard,Kendall,39,M,Acne,"Burujupalli 2",516267,INDIA,8436625514,Alonso@cromwellhospital.com
289201,Ignacio,Merrill,28,F,Impetigo,Rachapalli,516268,INDIA,1023462497,Brooks@gmail.com
290020,Izaak,Mitch,62,M,"Chronic cholestasis",Sambepalli,516215,INDIA,7631255950,Carey@gmail.com
290092,Hillard,Mathew,37,F,Arthritis,Nersupalli,516259,INDIA,9882324551,Billie@gmail.com
290904,Geoff,Keene,45,F,"Common Cold",Boyanapalli,516227,INDIA,9086672974,Ali@spirefyldecoast.com
291708,Douglis,Tracee,9,F,Hypoglycemia,Mahasamudram,517128,INDIA,9811011824,82313@gmail.com
293447,Jason,Morly,27,T,"Peptic ulcer diseae","Sunnapuralla Palli",516001,INDIA,5341186165,Cesar@gmail.com
294609,Dunstan,Erendira,5,M,"Diabetes ",Matavalam,517599,INDIA,9899999112,89804@gmail.com
295672,Enoch,Inigo,9,M,Gastroenteritis,Pattamvandlapalle,517391,INDIA,9723686154,128360@gmail.com
295757,Donnie,Sharhonda,7,M,"Hepatitis E",Madanapalle,517325,INDIA,9711533190,78574@gmail.com
297089,Kostas,Patin,52,T,"Hepatitis E",Gasikavaripalli,515154,INDIA,1518281594,Delbert@gmail.com
297886,Kirby,Parsifal,35,F,"Hepatitis D",Gandlapenta,515521,INDIA,3521861141,Davin@gmail.com
298211,Jean-Paul,Morty,26,M,AIDS,Tadigotla,516003,INDIA,5936735441,Chancey@gmail.com
299238,Isa,Miguel,44,F,Allergy,Reddikottala,516193,INDIA,4423260234,Butler@gmail.com
299489,Filip,Jephthah,57,M,"(vertigo) Paroymsal  Positional Vertigo",Sompalem,517390,INDIA,8771300679,313@gmail.com
301571,Kenyon,Pace,42,M,"Hepatitis C",Dokkalahalli,515321,INDIA,3226285026,Darrell@gmail.com
302004,Giavani,Kin,33,M,Malaria,"Chinna Musali Reddy Palli",516004,INDIA,3022553878,Amos@ramsayhealth.co.uk
303148,Halvard,Lindsey,49,F,"Alcoholic hepatitis","Karimireddy Vandlapalli",516267,INDIA,5025431277,Avery@gmail.com
303439,Dimitry,Makala,1,M,AIDS,"Kothapeta Madanapalle",517325,INDIA,9999797335,67665@gmail.com
304487,Immanuel,Micah,42,T,"Fungal infection",Rajupalli,516504,INDIA,2333082875,Bubba@gmail.com
304527,Hiralal,Mattheus,49,M,"(vertigo) Paroymsal  Positional Vertigo",Obulavaripalli,516108,INDIA,4688077067,Bjorne@gmail.com
305045,Gershon,Kevin,38,F,Jaundice,Cherlopalli,516126,INDIA,1683662604,Ambrosio@ramsayhealth.co.uk
308565,Garwin,Kaiser,33,M,"Hypertension ",Bandlapalli,516270,INDIA,7647971365,Aleks@spirecambridge.com
308572,Hanson,Lou,64,M,"Common Cold",Konduvaripalli,516503,INDIA,7211792314,Barnabas@gmail.com
309475,Erhart,Ishmael,4,M,"Hepatitis B",Penchupadu,517417,INDIA,1621288363,134881@gmail.com
310220,Husein,Melvin,29,M,Psoriasis,Pothukurapalli,516270,INDIA,8792176515,Brice@gmail.com
310697,Fraser,Joel,53,M,Impetigo,Vempalle,517326,INDIA,8752963266,Abelard@gmail.com
312196,Ethelred,James,43,M,Impetigo,Putramaddi,517129,INDIA,9465000528,163056@gmail.com
315090,Laurent,Perceval,52,M,"Common Cold",Gurrambailu,515571,INDIA,7845874589,Devon@gmail.com
315515,Glenn,Lamar,33,M,Typhoid,Diguvagottiveedu,516269,INDIA,4823188645,Anselm@gmail.com
315607,Lanny,Penn,22,F,Tuberculosis,Gudduguriki,515291,INDIA,1245001258,Derrin@gmail.com
317232,Dimitrou,Madonna,5,M,"Peptic ulcer diseae",Kothapalle,517167,INDIA,9990308845,67429@gmail.com
317731,Erich,Ismail,3,M,"Hepatitis D",Penumur,517126,INDIA,3698199664,139385@gmail.com
318214,Hasheem,Mac,25,M,"Heart attack","Lakshmigari Palli",516101,INDIA,6280684279,Bartholomeo@gmail.com
318885,Jabez,Mitchell,22,M,"Chronic cholestasis",Sankavaram,516193,INDIA,1440522209,Carlie@gmail.com
319370,Geri,Kenneth,26,M,Jaundice,Cheemalacheruvupalli,516267,INDIA,1243740350,Alphonso@ramsayhealth.co.uk
319420,Ethan,Jake,42,F,"Urinary tract infection",Puthalapattu,517124,INDIA,9656020514,161336@gmail.com
319601,Erastus,Isador,4,M,Dengue,Peddur,517423,INDIA,1564406530,133771@gmail.com
320291,Gabriel,Jory,22,M,"Hepatitis D",Akkalareddypalli,516193,INDIA,4147930769,Aguinaldo@gmail.com
320786,Irving,Mickie,52,M,Allergy,Rayachoti,516269,INDIA,4461010113,Buster@gmail.com
320898,Godwin,Lars,48,M,Typhoid,Eguvaramapuram,516217,INDIA,8938796225,Antonino@gmail.com
321510,Keene,Osborne,39,M,"hepatitis A",Chowluru,515211,INDIA,1854743267,Damon@gmail.com
323996,Frederik,Johnathon,35,M,Gastroenteritis,Vepurikota,517351,INDIA,6139274708,Adger@gmail.com
325896,Garry,Julian,33,M,"Drug Reaction","Badvel Bazaar",516227,INDIA,6763963986,Aldrich@spiretunbridgewells.com
328428,Hannibal,Lorenzo,25,M,"Common Cold",Konarachapalli,516152,INDIA,7644599667,Barclay@gmail.com
328479,Forest,Jessey,35,M,"Hepatitis B",Thumba,517416,INDIA,7801628102,583@gmail.com
331557,Kip,Parry,28,F,"Hepatitis D",Gandhodivandlapalli,515571,INDIA,2011229390,Davie@gmail.com
332234,Jerome,Neale,29,M,"Bronchial Asthma",Valleruvaripalli,516227,INDIA,6343722917,Christof@gmail.com
335136,Herve,Martainn,48,T,Osteoarthristis,"Nagi Reddy Palli",516003,INDIA,5506817631,Berkie@gmail.com
336860,Edie,Hirsch,3,M,Hyperthyroidism,"Muthukur NRP",517419,INDIA,8129847157,98154@gmail.com
337815,Ichabod,Merlin,33,M,Impetigo,Puthanavaripalli,516107,INDIA,1336669250,Brody@gmail.com
338541,Izak,Mitchael,38,M,"Chronic cholestasis",Sanipaya,516130,INDIA,9517847292,Carl@gmail.com
342431,Heinrich,Manuel,24,M,Hypothyroidism,Mandapalli,516150,INDIA,2611796764,Bealle@gmail.com
346197,Gunter,Leon,23,F,"Hepatitis D",Guttapalli,516215,INDIA,5515408673,Arturo@gmail.com
346314,Douglas,Tiffney,10,F,Hypothyroidism,Magandlapalle,517247,INDIA,9953105353,81845@gmail.com
347370,Jodie,Nick,24,F,"Cervical spondylosis",Amadagur,515556,INDIA,6700398858,Clem@gmail.com
348631,Ervin,Jackson,28,F,Hypoglycemia,"Pulikallu PTM ",517391,INDIA,4540786580,148626@gmail.com
348899,Hirsch,Matthieu,37,M,"(vertigo) Paroymsal  Positional Vertigo",Pabbapuram,516003,INDIA,7605192327,Blake@gmail.com
348936,Jesus,Neron,28,M,"Hypertension ",Venkatreddygaripalli,516270,INDIA,9653197678,Clarance@gmail.com
350339,Hashim,Mace,45,M,"Heart attack",Lebaka,516151,INDIA,8122168132,Bartholomeus@gmail.com
352125,Gunner,Leo,35,F,"Hepatitis D","Gutta Kinda Racha Palli",516129,INDIA,2165192883,Artur@gmail.com
352133,George,Kelley,46,M,"Varicose veins",Brahmanapalli,516217,INDIA,8541120799,Allah@spirehealthcare.com
353854,Hewie,Martyn,33,M,Osteoarthristis,Naramrajupalli,516150,INDIA,8556216344,Bernie@gmail.com
353931,Gil,Kit,73,M,"Chicken pox",Chinthalacheruvu,516227,INDIA,9349989569,Andrea@abbeyhospitals.com
355386,Keefe,Osbert,48,M,"hepatitis A",Cholasamudram,515331,INDIA,7291751043,Damian@gmail.com
358443,Duffie,Caridad,4,M,Allergy,Mangunta,517167,INDIA,9810162461,88235@gmail.com
358937,Franz,Joe,24,M,Psoriasis,Vemareddigaripalle,517418,INDIA,9808051204,Abel@hotmail.com
363920,Hebert,Manish,18,M,"Varicose veins",Mamillapalli,516217,INDIA,8559921696,Bayard@gmail.com
365689,Harv,Luther,28,M,"Dimorphic hemmorhoids(piles)",Kumpinipuram,516151,INDIA,9705521438,Bart@gmail.com
366438,Kimmo,Palmer,45,M,"Hepatitis D",Elakuntla,515641,INDIA,5386861461,Daryle@gmail.com
368466,Francis,Joab,64,F,"Varicose veins",Valasapalle,517326,INDIA,9350198049,Abbie@gmail.com
368930,Ingemar,Michal,24,M,"Fungal infection",Ramanjaneyapuram,516002,INDIA,8850935361,Bud@gmail.com
370602,Franky,Jodie,36,M,Acne,Veeranamala,517401,INDIA,1478262625,Abdullah@Airmasterindia.Com
372549,Isaiah,Mikey,45,F,GERD,Reddyvaripalli,516214,INDIA,1242854435,Cal@gmail.com
373226,Flemming,Jermain,37,F,"Drug Reaction",T.Sodam,517391,INDIA,5333770175,446@gmail.com
374484,Gabe,Jorge,17,F,"Hepatitis C",Akepadu,516150,INDIA,3508520311,Agamemnon@gmail.com
375925,Gav,Kam,42,M,"Chicken pox",Besthapalli,516129,INDIA,3396844670,Alexis@nhs.net
375980,Johnny,Niles,45,M,"Paralysis (brain hemorrhage)",Basavanahalli,515305,INDIA,3317308843,Clyde@gmail.com
376520,Humbert,Mayer,27,F,"Urinary tract infection",Penagalur,516127,INDIA,7828391406,Brandy@gmail.com
376725,Ernie,Izzy,5,M,"Heart attack",Poonepallekandriga,517127,INDIA,4020231287,143385@gmail.com
377057,Jakob,Moishe,36,M,"Drug Reaction",Siddanthipuram,516203,INDIA,3093536715,Carsten@gmail.com
377795,Iggy,Merrick,22,F,Impetigo,Rachagudipalli,516213,INDIA,2531199356,Brook@gmail.com
379984,Hazel,Major,35,F,"Varicose veins",Malinenipatnam,516501,INDIA,5196398927,Batholomew@gmail.com
380115,Freddy,Johannes,65,M,"Chronic cholestasis",Vengamvaripale,517280,INDIA,7875112427,Ace@gmail.com
380607,Hall,Lind,39,F,"Alcoholic hepatitis",Kandulavaripalli,516104,INDIA,5171338072,Averil@gmail.com
380832,Francisco,Joachim,39,F,Hypothyroidism,Vanadurgapuram,517599,INDIA,8700792400,Abbot@gmail.com
381474,Kristian,Patricio,62,M,"Alcoholic hepatitis",Gonimekalapalli,515123,INDIA,1283634876,Demetri@gmail.com
382466,Esme,Jae,46,F,"(vertigo) Paroymsal  Positional Vertigo","Punganur Bus Stand",517247,INDIA,4925055691,158783@gmail.com
382667,Hyman,Mendie,19,T,Psoriasis,Pullampet,516107,INDIA,4907657582,Brock@gmail.com
383632,Geraldo,Kendal,29,M,"(vertigo) Paroymsal  Positional Vertigo","Burujupalli 1",516267,INDIA,2343709906,Allyn@circlereading.co.uk
383742,Brodie,Cohen,28,M,"Diabetes ","Ramachandra Nagar",515001,INDIA,1962863535,246@gmail.com
383987,Fonzie,Jess,25,M,Dengue,Thettu,517352,INDIA,9522752776,547@gmail.com
384644,Heinz,Marc,35,M,Hypothyroidism,Mandaram,516126,INDIA,2227038541,Bear@gmail.com
384706,Ferinand,Jefry,11,M,Hyperthyroidism,Sivaramapuram,517425,INDIA,8620386136,257@gmail.com
387354,Dimitris,Lorene,2,M,"Drug Reaction","Kothapalle KNP",517131,INDIA,9899906020,67255@gmail.com
387734,Gregory,Leighton,38,M,"Hepatitis C",Govindampalli,516105,INDIA,2698297778,Armstrong@gmail.com
389565,Ferdy,Jeffie,17,M,"Heart attack",Simharajapuram,517599,INDIA,5894430055,212@gmail.com
389713,Donovan,Shontae,9,M,Tuberculosis,"Madanapalle Spinning Mills Gds",517319,INDIA,9999860993,79242@gmail.com
393796,Dyson,Higgins,10,F,"hepatitis A",Moram,517432,INDIA,4529330481,95558@gmail.com
394568,Felipe,Jef,21,M,"Alcoholic hepatitis",Santhipuram,517423,INDIA,4285575862,164@gmail.com
394753,Eliot,Hugo,2,M,"Hypertension ",Narigapalle,517002,INDIA,2924680521,106916@gmail.com
396019,Frankie,Job,73,F,Osteoarthristis,Vasanadu,517425,INDIA,8177621558,Abdel@gmail.com
396187,Jerrie,Nealson,38,M,"Bronchial Asthma",Vathalur,516107,INDIA,7048995411,Christophe@gmail.com
398565,Garvin,Justin,62,M,Gastroenteritis,"Balireddy Palli",516105,INDIA,7038610940,Aleck@nhs.net
402340,Gonzalo,Laurence,42,F,"hepatitis A",Ethirajupalli,516227,INDIA,7740649499,Antony@gmail.com
402858,Ender,Ingelbert,3,M,"Chronic cholestasis",Pathapolu,517319,INDIA,9911618075,127114@gmail.com
403126,Fonsie,Jervis,44,M,Malaria,Thavanampalle,517131,INDIA,5736007056,531@gmail.com
403871,Glen,Laird,32,F,Dengue,Devapatla,516215,INDIA,3292291490,Ansell@gmail.com
404813,Emmet,Ignazio,2,M,"Urinary tract infection",Pandillapalle,517257,INDIA,4476533766,118700@gmail.com
406848,Glynn,Lambert,25,M,Typhoid,Diguvanelatur,516502,INDIA,2364223844,Anson@gmail.com
407561,Geoffrey,Keil,35,M,Pneumonia,"Brahmana Erragudi",516257,INDIA,5100363570,Alic@nhs.net
408504,Jacques,Mohammed,46,M,"Chronic cholestasis",Settigunta,516101,INDIA,6703375551,Carlyle@gmail.com
408630,Jeb,Moses,33,M,AIDS,Talamudipi,516267,INDIA,3319564403,Chandler@gmail.com
409134,Henri,Marchall,44,M,Hypothyroidism,"Maruti Nagar",516001,INDIA,1740820822,Beck@gmail.com
409285,Gabriele,Jose,42,M,"Hepatitis E",Akkireddygaripalli,516501,INDIA,9111922076,Aguste@gmail.com
409927,Grace,Lawson,43,M,"hepatitis A",Ganganapalli,516217,INDIA,7300087462,Archibold@gmail.com
410824,Kendall,Othello,29,F,"Hepatitis B",Demakethapalli,515331,INDIA,4860705389,Darcy@gmail.com
412493,Ingelbert,Michail,35,M,"Fungal infection",Ramanapalli,516162,INDIA,8070435672,Bucky@gmail.com
412760,Emile,Ignacio,4,M,Osteoarthristis,Pallicheruvu,517129,INDIA,5284146417,115713@gmail.com
412864,Enrique,Irvin,9,F,"Hypertension ",Peddachellaragunta,517415,INDIA,7098663147,128606@gmail.com
413113,Gerome,Kenton,44,M,Jaundice,Chennampalli,516502,INDIA,1339793005,Alvin@ramsayhealth.co.uk
413939,Klaus,Pascale,18,T,"Hepatitis E",Ganginepalli,515144,INDIA,6726029505,Davoud@gmail.com
414292,Hermon,Marlin,38,M,Hypoglycemia,Munnelli,516193,INDIA,2631880244,Bennie@gmail.com
415970,Kendal,Otes,62,M,"Hepatitis B",Dasappapalyam,515291,INDIA,1088852300,Darby@gmail.com
416122,Jeff,Mugsy,18,M,AIDS,Tekurpet,516505,INDIA,3451453037,Charleton@gmail.com
417143,Eddy,Hiralal,9,M,"Heart attack",Mushtoor,517280,INDIA,3093055183,97752@gmail.com
417575,Granville,Lazarus,44,F,"Hepatitis B",Gopamambapuram,516107,INDIA,4123513329,Ariel@gmail.com
418254,Juanita,Obadiah,45,M,Malaria,Bukkapatnam,515144,INDIA,6024530553,Corbin@gmail.com
419307,Hy,Menard,65,M,Psoriasis,Pujalavandlapalli,516267,INDIA,5802442355,Brinkley@gmail.com
419370,Kalil,Oran,25,F,Dengue,Chikirevulapalli,515556,INDIA,7998465328,Curtis@gmail.com
420776,Herschel,Marshal,33,M,Hypoglycemia,Nagarajupet,516001,INDIA,5511862393,Berk@gmail.com
423267,Ezechiel,Jean,22,M,"Paralysis (brain hemorrhage)","Reddivaripalle SDM",517123,INDIA,4130416173,68@gmail.com
424880,Garcon,Juan,38,M,Hyperthyroidism,Anantharajupuram,516228,INDIA,6755759400,Alaa@hotmail.com
425294,Hunt,Maynord,17,M,"Urinary tract infection",Pittigunta,516217,INDIA,9742187560,Brendan@gmail.com
426271,Ferd,Jefferey,22,M,"Common Cold",Sathambakkam,517127,INDIA,6865987170,179@gmail.com
426545,Ethelbert,Jakob,48,F,Psoriasis,Puthur,517131,INDIA,2931902595,161582@gmail.com
427580,Lance,Pedro,44,M,Tuberculosis,Gowrajupalle,515123,INDIA,9575920536,Derick@gmail.com
429842,Lane,Pembroke,38,F,Tuberculosis,Guddadahalli,515271,INDIA,4518456189,Derrek@gmail.com
431950,Ignaz,Mervin,27,F,Impetigo,Raghavarajupuram,516105,INDIA,1934327648,Bryan@gmail.com
432912,Hersh,Marshall,52,M,Hypoglycemia,Nagaripadu,516110,INDIA,6302615203,Berke@gmail.com
433655,Kelwin,Oswald,24,M,"Hepatitis B",Dampetla,515672,INDIA,3278583902,Danny@gmail.com
437859,Eberhard,Hillery,4,M,"Common Cold","Mulakalacheruvu R.S.",517390,INDIA,6805389418,96832@gmail.com
438060,Jimmy,Neville,17,M,Migraine,Yerraguntlakota,516105,INDIA,6753191026,Claudio@gmail.com
438137,Jackie,Mohamad,23,T,"Chronic cholestasis",Savisettipalli,516193,INDIA,7778837577,Carlo@gmail.com
438386,Guthrie,Les,38,M,"Hepatitis E","Jayanagar (Cuddapah)",516002,INDIA,5435816571,Ashton@gmail.com
438777,Flynn,Jerrome,37,M,"Paralysis (brain hemorrhage)",Thambuganipalle,517416,INDIA,2703994769,503@gmail.com
439913,Elwin,Iago,9,F,"Common Cold",Pachalamarri,517418,INDIA,3060458968,112852@gmail.com
440566,Horacio,Maurie,62,M,Acne,Payalakunta,516228,INDIA,1802872996,Bogdan@gmail.com
442783,Hoyt,Maxfield,35,F,Acne,Peddarachapalli,516110,INDIA,1014038381,Braden@gmail.com
443417,Filbert,Jens,23,M,Arthritis,Somala,517257,INDIA,3039984106,297@gmail.com
445544,Elric,Hussein,5,M,"Hepatitis C",Nimmanapalle,517280,INDIA,5160131385,112290@gmail.com
445667,Ford,Jessee,47,M,"hepatitis A",Thugundram,517421,INDIA,4049692787,574@gmail.com
446858,Giffie,Kip,39,M,Malaria,Chinnampelli,516108,INDIA,3741256892,Andie@ramsayhealth.co.uk
450074,Ishmael,Mikhail,38,F,GERD,Rekalakunta,516502,INDIA,9465104748,Caldwell@gmail.com
450881,Fairfax,Jean-Marc,15,F,Typhoid,S.S.Konda,517421,INDIA,2547432661,94@gmail.com
451534,French,Jonas,27,F,Jaundice,Yetavakili,517247,INDIA,7841951777,Adolph@gmail.com
451654,Kevin,Page,27,M,"Hepatitis C",Eddulavaripalli,515531,INDIA,4733309396,Darth@gmail.com
451858,Durant,Ina,5,M,"Bronchial Asthma",Matluvaripalle,517350,INDIA,9953424234,90376@gmail.com
451912,Eric,Isidore,2,M,"Hepatitis C",Pengaragunta,517408,INDIA,7638326911,137337@gmail.com
453351,Fulton,Jordon,26,F,"hepatitis A",Adavikammapalli,516215,INDIA,3282004215,Adrick@gmail.com
454828,Graham,Lazar,47,F,"Hepatitis B",Gollapalli,516257,INDIA,6145240566,Arel@gmail.com
454872,Johny,Nils,33,M,"Paralysis (brain hemorrhage)",Bathalapalli,515661,INDIA,5153097513,Cob@gmail.com
455719,Godard,Lamont,24,M,Typhoid,Dinnepadu,516504,INDIA,9176801946,Anthony@gmail.com
457571,Hersch,Marsh,46,M,Hypoglycemia,Nagapatnam,516203,INDIA,6814213354,Berchtold@gmail.com
457694,Georgie,Kelvin,37,M,Hypoglycemia,"Budidagunta Rachapalli",516130,INDIA,9206067787,Alley@bmihealthcare.co.uk
458818,Jock,Nichole,18,M,"Cervical spondylosis",Agraharam,515154,INDIA,5841803867,Clayton@gmail.com
458966,Kim,Paige,28,M,"Hepatitis C",Edulaballapuram,515122,INDIA,4256879552,Darwin@gmail.com
460636,Euclid,Jamey,24,M,Allergy,Ragimanipenta,517429,INDIA,8293186787,164977@gmail.com
461290,Julie,Olin,49,M,Dengue,"Chennamanayani Kota",515641,INDIA,4182965938,Craig@gmail.com
461397,Fremont,Jonah,26,M,"Paralysis (brain hemorrhage)",Yerrepalle,517130,INDIA,6888280192,Adolfo@gmail.com
461959,Laurie,Percival,48,T,"Common Cold",Gurrapukonda,515305,INDIA,1501254450,Dewey@gmail.com
462003,Hermy,Marlo,33,M,Hypoglycemia,Musalreddypalli,516217,INDIA,6449405023,Benny@gmail.com
462578,Kalle,Orazio,18,F,Typhoid,Chikkachoragiri,515271,INDIA,3186155622,Cy@gmail.com
464256,Forbes,Jesse,18,M,Typhoid,Thotakanuma,517415,INDIA,6388347227,567@gmail.com
464441,Laurence,Pepillo,39,F,"Common Cold",Gunipalli,515154,INDIA,1258518915,Desmund@gmail.com
466158,Erik,Istvan,9,M,"Alcoholic hepatitis",Pitchalvandlapalle,517350,INDIA,4668980446,140174@gmail.com
466287,Jean-Christophe,Mort,29,M,"Peptic ulcer diseae","T. Sandrapalli",516233,INDIA,1235803631,Chadwick@gmail.com
466844,Gabriello,Joseph,35,M,Tuberculosis,"Allwyn Nagar",516150,INDIA,4049609475,Aharon@ymail.com
468737,Fred,Johan,29,M,Allergy,Vengalrajukuppam,517599,INDIA,4188567316,Abraham@gmail.com
470664,Jean-Francois,Morten,39,M,"Peptic ulcer diseae","T. Sundupalli",516130,INDIA,3581259374,Chaim@gmail.com
471118,Gilbert,Klaus,17,M,"Chicken pox",Chinthalapalli,516193,INDIA,2381425402,Andreas@ramsayhealth.co.uk
472264,Hamlen,Llewellyn,25,M,Tuberculosis,Kodigudlapadu,516193,INDIA,7403286575,Aziz@gmail.com
472342,Dino,Markeshia,5,F,"Diabetes ",Kothavaripalle,517319,INDIA,9811100941,69481@gmail.com
473413,Jerzy,Neel,42,F,"Hypertension ","Venkata Reddy Palli",516101,INDIA,1083991460,Chrisy@gmail.com
473662,Konstantin,Patel,38,M,"Hepatitis E",Garimakulapalli,515621,INDIA,2744004056,Deane@gmail.com
474246,Henrik,Marco,62,M,Hypothyroidism,Matli,516268,INDIA,2163088805,Ben@gmail.com
474802,Gino,Kraig,29,M,Dengue,Cuddapah,516001,INDIA,3515022294,Andrus@gmail.com
474990,Ikey,Mic,22,M,"Fungal infection",Rajukunta,516104,INDIA,8047614740,Bryon@gmail.com
475423,Hewitt,Marv,45,M,Osteoarthristis,Narasapuram,516217,INDIA,5965977820,Bert@gmail.com
475512,Evan,Jared,50,M,AIDS,"Ramapuram (Chittoor)",517403,INDIA,6678718073,82152@gmail.com
475564,Forrester,Jeth,37,M,"Hepatitis E",Thumminda,517132,INDIA,2231210513,630@gmail.com
477268,Hal,Lex,37,M,"Alcoholic hepatitis",Kamalamarri,516267,INDIA,9789724220,Austen@gmail.com
477924,Haskell,Mackenzie,28,M,"Heart attack",Lingarajupalli,516126,INDIA,4785338451,Bartie@gmail.com
478828,Ev,Janus,17,M,"Peptic ulcer diseae",Ramanaidupalle,517125,INDIA,3956069263,66203@gmail.com
481085,Grant,Lazaro,38,F,"Hepatitis B","Gopagudi Palli",516504,INDIA,8905512012,Arie@gmail.com
481785,Hilliard,Matteo,39,T,Arthritis,Obili,516128,INDIA,8484045859,Bishop@gmail.com
483570,Jefry,Murray,33,F,"Diabetes ",Thippayyapalli,516107,INDIA,7758685591,Chauncey@gmail.com
483579,Garvy,Justis,38,M,"Bronchial Asthma","Balireddygari Palli",516269,INDIA,9115021776,Alejandro@nhs.net
484753,Dieter,Keondra,5,M,Impetigo,Kotalam,517422,INDIA,8664100458,64622@gmail.com
486308,Han,Lon,26,M,"Common Cold",Kommanavaripalli,516107,INDIA,8696453147,Baird@gmail.com
487069,Kenn,Otis,65,F,"Hepatitis B","Dharmavaram Bazar",515671,INDIA,3356475691,Darian@gmail.com
487952,Grover,Len,62,M,"Hepatitis C",Gunthapalli,516502,INDIA,6727266074,Art@gmail.com
488980,Goddard,Lancelot,28,M,Typhoid,Dudyala,516215,INDIA,8633023938,Antoine@gmail.com
490246,Efram,Horatio,9,F,"Fungal infection",Nandanuru,517125,INDIA,5714872672,103107@gmail.com
490738,Jose,Norm,45,F,Jaundice,Bonthalapalle,515571,INDIA,8417694003,Connie@gmail.com
490906,Jay,Morry,28,M,"Peptic ulcer diseae","T. Sadipirallavandla Palli",516215,INDIA,3819293906,Chaddie@gmail.com
491478,Irvin,Mick,38,M,Allergy,"Ravindra Nagar",516003,INDIA,2950992404,Burt@gmail.com
491764,Jamey,Monte,35,F,"Drug Reaction",Siddavattam,516237,INDIA,9209535174,Caryl@gmail.com
492743,Kalman,Orbadiah,47,F,Typhoid,Chilamathur,515341,INDIA,9184693659,Cyril@gmail.com
492830,John-David,Niki,61,M,"Paralysis (brain hemorrhage)",Badavandlapalli,515501,INDIA,3624016357,Clifton@gmail.com
493344,Huey,Maximilian,64,F,"Urinary tract infection",Peddiveedu,516268,INDIA,6799457947,Bradly@gmail.com
493470,Gustavo,Leonidas,48,F,"Hepatitis D",Jangalapalli,516237,INDIA,3897783281,Ashby@gmail.com
493547,Joe,Nickie,38,F,"Cervical spondylosis",Amarapuram,515281,INDIA,4454068510,Clement@gmail.com
493774,Ingamar,Michael,35,M,"Fungal infection",Rajuvaripalli,516215,INDIA,4716051633,Buck@gmail.com
494098,Jory,Norbert,46,F,Jaundice,Bommireddipalli,515591,INDIA,6029188180,Conan@gmail.com
495383,Freddie,Johann,27,M,GERD,Vengampalle,517129,INDIA,6560720549,Abram@gmail.com
496276,Gerri,Kermie,25,F,Jaundice,Chennarajupodu,516105,INDIA,3162889209,Amadeus@ramsayhealth.co.uk
498331,Flem,Jeremie,27,F,GERD,"T. Savatapalle",517004,INDIA,2395592258,423@gmail.com
499824,Ignacius,Merry,32,F,Impetigo,Rachayapet,516233,INDIA,6914863370,Bruce@gmail.com
500043,Kermit,Paddie,33,T,"Hepatitis C",Dorigallu,515511,INDIA,1737794751,Darrick@gmail.com
500666,Kellen,Oscar,73,T,"hepatitis A","Clock Tower Kadiri",515591,INDIA,2900688771,Dane@gmail.com
500807,Herbie,Mario,44,F,Hyperthyroidism,Motakatla,516215,INDIA,1880720013,Benjamin@gmail.com
501496,Herculie,Marko,32,F,Hyperthyroidism,Mukkavaripalli,516108,INDIA,5667023208,Benn@gmail.com
501920,Gordan,Laurie,24,M,"hepatitis A",Gadikota,516268,INDIA,9542086155,Apostolos@gmail.com
502009,Kory,Paten,47,M,"Hepatitis E",Garisalapalli,515631,INDIA,2650227316,Del@gmail.com
502766,Esteban,Jaime,18,F,Acne,Punganur,517247,INDIA,5211528996,160954@gmail.com
503336,Fernando,Jehu,56,M,Hypoglycemia,Sodam,517123,INDIA,8479682667,277@gmail.com
504370,Karel,Orren,35,M,Typhoid,Chinnamanthur,515124,INDIA,6777411714,Dabney@gmail.com
506478,Domenico,Rebeccah,3,M,Malaria,Kurabalakota,517350,INDIA,9873011004,72226@gmail.com
508491,Kent,Ozzy,28,F,"Hepatitis C",Dodaghatta,515123,INDIA,5226279379,Darius@gmail.com
508549,Jeffrey,Murdock,37,F,"Diabetes ",Thimmasamudram,516130,INDIA,7578714596,Chase@gmail.com
509500,Gayle,Karl,31,F,"Hepatitis C",Bommavaram,516110,INDIA,1017467807,Alfonzo@nhs.net
509850,Huntley,Meier,24,M,"Urinary tract infection",Poluruvengannagaripalli,516107,INDIA,8258830321,Brewer@gmail.com
510503,Howie,Max,25,M,Acne,Peddapalli,516130,INDIA,1448924117,Brad@gmail.com
515347,Garwood,Kaleb,22,M,Migraine,"Barytes Factory",516101,INDIA,8924621051,Aleksandrs@nhs.net
516214,Johan,Nico,44,F,"Cervical spondylosis",Apprascheruvu,515661,INDIA,6744329359,Cletus@gmail.com
516500,Hector,Manny,23,T,"Varicose veins",Mamillapalli,516004,INDIA,3051384779,Beale@gmail.com
517043,Hillary,Mathias,28,F,Arthritis,Nukanapalli,516108,INDIA,6033775453,Billy@gmail.com
517443,Ewan,Jasper,39,M,"Hypertension ",Readspet,517001,INDIA,1785483251,135518@gmail.com
518329,Jim,Nev,27,M,Migraine,Vontithatipalli,516237,INDIA,1075866681,Clark@gmail.com
518920,Josh,Norris,36,F,Malaria,Buchayyagaripalli,515144,INDIA,5482599209,Conroy@gmail.com
518988,Emmery,Ignaz,9,M,Acne,Pamuganipalle,517424,INDIA,5106404929,117176@gmail.com
519225,Jefferey,Muhammad,47,T,"Diabetes ",Tellapadu,516217,INDIA,5409741155,Charley@gmail.com
520163,Karim,Orrin,33,M,Typhoid,Chinnaramannagaripalli,515571,INDIA,5387795006,Daffy@gmail.com
521460,Hernando,Marlon,22,T,Hypoglycemia,Muthukur,516501,INDIA,9357973207,Benson@gmail.com
522398,Duke,Cherrell,4,M,"Drug Reaction",Maredupalle,517408,INDIA,9711847434,89470@gmail.com
523971,Donald,Shaquetta,9,M,"Hepatitis C",Lalugardens,517002,INDIA,9873561650,74545@gmail.com
525490,Hartwell,Luke,33,M,"Dimorphic hemmorhoids(piles)",Kumbhagiri,516501,INDIA,3072598677,Barry@gmail.com
526068,Hastings,Maddy,45,M,"Heart attack",Machupalli,516002,INDIA,9015520799,Bartlett@gmail.com
526142,Emory,Ingamar,5,F,GERD,"Pathapeta palamaner",517408,INDIA,4257757710,127108@gmail.com
527305,Harley,Luce,34,F,Pneumonia,Kothaboyanapalli,516126,INDIA,7985269251,Barney@gmail.com
527924,Fons,Jerry,33,M,Jaundice,Thatiguntapalem,517123,INDIA,7051031974,512@gmail.com
528000,Kingston,Parrnell,42,F,"Hepatitis D",Galibipalli,515331,INDIA,7183657114,Davidson@gmail.com
528141,Kurt,Patsy,45,M,"Alcoholic hepatitis",Gorantla,515231,INDIA,6989017145,Demosthenis@gmail.com
530449,Gifford,Kirby,18,M,"Chicken pox",Chinnaorampadu,516108,INDIA,7224144110,Andonis@ramsayhealth.co.uk
533067,Gabriell,Josef,48,M,"Alcoholic hepatitis","Alankhan Palli",516003,INDIA,7144972180,Agustin@GMAIL.COM
537634,Fyodor,Jordy,48,F,"Hepatitis B",Addalamarri,516259,INDIA,6951267578,Adrien@gmail.com
538020,Ian,Merill,42,M,Impetigo,Pundlachennupalli,516503,INDIA,7729782103,Broderick@gmail.com
541051,Kirk,Partha,24,F,"Hepatitis D",Gandlavandlapalli,515511,INDIA,4769426325,Davis@gmail.com
541409,Jotham,Norwood,44,M,Malaria,Budili,515241,INDIA,9142326570,Conway@gmail.com
543140,Godfree,Langston,45,M,Typhoid,Edapalli,516268,INDIA,4550328734,Antone@gmail.com
543155,Domenic,Puja,4,F,Jaundice,Kuppam,517425,INDIA,9999709152,72176@gmail.com
543180,Jessie,Nero,27,F,"Hypertension ","Venkateswara Puram",516247,INDIA,3622756561,Clancy@gmail.com
547957,Duncan,Elisheva,3,M,AIDS,Marripalle,517167,INDIA,9971190516,89759@gmail.com
548194,Kit,Pascal,38,F,"Hepatitis E",Gangampalli,515231,INDIA,6176003459,Davon@gmail.com
550316,Godfrey,Lanny,27,M,Typhoid,Eguvagottiveedu,516269,INDIA,1367612377,Antoni@gmail.com
550826,Jonathan,Noah,62,M,Jaundice,Bhadrapuram,515641,INDIA,6143658417,Cody@gmail.com
551218,Giles,Konrad,14,M,"Chicken pox",Chitvel,516104,INDIA,7374941636,Andrew@hcahealthcare.co.uk
551226,Edgardo,Hiro,7,M,Hypothyroidism,Muthukur,517247,INDIA,6435807992,97923@gmail.com
552320,Elvin,Hyman,8,M,"Alcoholic hepatitis",Oddepalle,517126,INDIA,3968676189,112552@gmail.com
552482,Gasper,Kalman,48,M,Jaundice,Beebisahebpet,516501,INDIA,3381873807,Alexander@spirelittleaston.com
553189,Gregor,Leif,55,M,"Hepatitis B",Goramchervu,516267,INDIA,6323955939,Armando@gmail.com
557416,Isadore,Mikel,55,T,GERD,Reddivaripalli,516130,INDIA,2718521892,Cain@gmail.com
559765,Isaac,Mika,38,F,Allergy,Reddipalli,516107,INDIA,2446192221,Byram@gmail.com
561062,Henderson,Marcello,47,M,Hypothyroidism,Mannemavaripalli,516227,INDIA,1549835132,Beau@gmail.com
564835,Laird,Paul,45,M,"Alcoholic hepatitis",Gowdanahalli,515301,INDIA,9531545370,Dennis@gmail.com
565935,Geoffry,Keith,53,M,"Dimorphic hemmorhoids(piles)",Brahmanapalli,516126,INDIA,7320992854,Alister@nhs.net
567680,Gardener,Juanita,47,M,Hypoglycemia,Ananthasamudram,516107,INDIA,7052348451,Alain@fgmindia.com
573531,Horatio,Maurise,26,M,Acne,"Peddabalija Palli",516130,INDIA,8662588833,Boniface@gmail.com
573859,Jerrome,Ned,33,M,"Bronchial Asthma",Velagacherla,516127,INDIA,7385162646,Christorpher@gmail.com
574592,Harald,Louie,39,T,Pneumonia,"Koneti Raju Kandrika",516101,INDIA,6019267274,Barnabe@gmail.com
576633,Duane,Brisa,3,M,Impetigo,Mandipetkotur,517408,INDIA,9891336752,87304@gmail.com
577642,Dory,Socorro,5,M,Pneumonia,Madhavaram,517129,INDIA,9711445987,80489@gmail.com
579066,Haley,Lincoln,39,F,"Alcoholic hepatitis",Kandimallayapalli,516503,INDIA,7757539843,Averell@gmail.com
581970,Heywood,Marve,32,F,Osteoarthristis,Narasingarajapuram,516127,INDIA,9683789457,Bertie@gmail.com
582005,Gary,Kalil,35,M,"Cervical spondylosis",Basavapuram,516503,INDIA,4091211512,Alessandro@nhs.net
582219,Lambert,Pavel,29,M,"Alcoholic hepatitis",Gownipalli,515561,INDIA,6554409655,Derby@gmail.com
583626,Jean-Luc,Mortimer,49,T,AIDS,T.Sallagarigela,516505,INDIA,3254963270,Chan@gmail.com
584766,Hamish,Lionello,37,M,Tuberculosis,Khajipet,516203,INDIA,1751321010,Aylmer@gmail.com
590228,Giff,Kingsley,27,M,Malaria,Chinnakesampalli,516502,INDIA,7589742752,Anatollo@ramsayhealth.co.uk
591810,Jordon,Noel,35,M,Jaundice,Bisalamanepalli,515331,INDIA,5251069500,Colin@gmail.com
592917,Ira,Michele,35,T,Allergy,Rangasamudram,516193,INDIA,3044155273,Burnaby@gmail.com
594813,Gilburt,Knox,36,M,"Chicken pox",Chitlur,516504,INDIA,7137479456,Andres@fairfield.org.uk
595306,Garvey,Julius,44,M,"Diabetes ",Balayapalli,516502,INDIA,5924993829,Alec@nhs.net
595971,Durand,Gema,9,M,Gastroenteritis,Mathyam,517129,INDIA,9971577777,90057@gmail.com
596171,Hakim,Lewis,36,M,"Alcoholic hepatitis",Kamalakur,516227,INDIA,6047908710,Augustus@gmail.com
597208,Fox,Jimmie,35,F,Pneumonia,Ugranapalle,517126,INDIA,7697988954,Aamir@gmail.com
598101,Guy,Leslie,54,M,"Hepatitis E",K.Sunkesala,516203,INDIA,5667085699,Aube@gmail.com
599835,Gaspar,Kalle,23,M,"Paralysis (brain hemorrhage)",Bayanapalli,516162,INDIA,1890682800,Alex@nhs.net
600405,Hiro,Matthias,26,M,"(vertigo) Paroymsal  Positional Vertigo","P. Kothapalli",516237,INDIA,7662583368,Blair@gmail.com
600600,Kalvin,Oren,27,T,Typhoid,Chillakondayapalli,515631,INDIA,3863751512,Cyrill@gmail.com
600956,Kaleb,Oral,37,F,Dengue,Chigicherla,515672,INDIA,9527388973,Curtice@gmail.com
601857,Haleigh,Lin,19,F,"Alcoholic hepatitis",Kanchipativandlapalli,516130,INDIA,8468456284,Ave@gmail.com
602312,Gavriel,Karel,48,F,"hepatitis A",Bhagampalli,516130,INDIA,3921683016,Alfonse@nhs.net
606470,Dwight,Heywood,5,F,Dengue,Mittoor,517429,INDIA,4535361328,95135@gmail.com
608895,Erick,Israel,5,M,"Hepatitis E",Periyambadi,517128,INDIA,8372886807,139642@gmail.com
608941,Fergus,Jeffrey,50,M,"Varicose veins",Singasamudram,517425,INDIA,4249963849,219@gmail.com
609556,Elbert,Howard,2,F,"Chronic cholestasis",Nanjampet,517257,INDIA,1722274604,103624@gmail.com
611459,Iggie,Merrel,25,M,Impetigo,Pyarampalli,516267,INDIA,7806139827,Bronson@gmail.com
612092,Ivor,Mischa,44,M,GERD,"S.V.U. P.G .centre",516003,INDIA,3333216243,Cammy@gmail.com
612490,Gerrit,Kermit,18,F,Jaundice,Chennavaram,516193,INDIA,6270279142,Ambros@ramsayhealth.co.uk
613475,Garrot,Jule,44,F,GERD,Ayyavaripalli,516193,INDIA,7460740645,Aldo@nhs.net
614376,Jerri,Nealon,65,M,"Bronchial Asthma",Varikunta,516217,INDIA,8954687819,Christoph@gmail.com
614921,Jud,Obadias,53,M,"Chicken pox",Bullasamudram,515303,INDIA,5829565035,Corby@gmail.com
615685,John-Patrick,Nikita,55,T,"Paralysis (brain hemorrhage)",Badenaikthanda,515134,INDIA,9141160942,Clint@gmail.com
616575,Jesse,Nels,33,T,"Hypertension ",Venkatarajupalli,516110,INDIA,4585474980,Churchill@gmail.com
617181,Edgar,Hiram,2,M,"Varicose veins",Muthireval,517127,INDIA,3761715093,97921@gmail.com
617945,Hiram,Matthew,37,M,"(vertigo) Paroymsal  Positional Vertigo",Odiveedu,516269,INDIA,1664114316,Blaine@gmail.com
618010,Ismail,Millicent,45,M,GERD,RIMS,516002,INDIA,9754815731,Calhoun@gmail.com
618683,Frazier,Joey,62,M,"Fungal infection",Vendugampalle,517425,INDIA,8823184255,Abner@thomsonreuters.com
619742,Gaston,Kalvin,46,M,Malaria,Beechuvaripalli,516203,INDIA,1436003215,Alexei@spireleicester.com
620113,Henrie,Marcio,38,T,Hypothyroidism,"Masapet Bazar",516270,INDIA,9052166313,Bela@gmail.com
620435,Ephrayim,Irwin,2,F,"Paralysis (brain hemorrhage)",Peddatippasamudram,517391,INDIA,3116998188,132547@gmail.com
623053,Lancelot,Peirce,62,M,Tuberculosis,Gowrapuram,515561,INDIA,6557767056,Derk@gmail.com
624642,Judy,Odysseus,28,M,"Chicken pox",Chalivendla,515331,INDIA,6045846650,Corwin@gmail.com
625285,Jonas,Noach,44,T,Jaundice,Bevinahalli,515211,INDIA,1144359051,Cobby@gmail.com
625534,Esau,Jacques,15,F,Arthritis,"Pullur KTP",517167,INDIA,7939631143,156387@gmail.com
625814,Jessee,Nelsen,25,F,"Hypertension ",Venkataramapuram,516228,INDIA,6960429851,Clair@gmail.com
626671,Hewet,Martino,35,M,Osteoarthristis,Nandalur,516150,INDIA,3063222155,Bernd@gmail.com
627003,Joseph,Normand,52,F,Malaria,Brahmanapalle,515134,INDIA,8958255554,Connor@gmail.com
627665,Graig,Lazare,52,F,"Hepatitis B",Gollapalli,516213,INDIA,3321875468,Ari@gmail.com
632555,Garfield,Judd,38,F,Acne,Appanakondayapalli,516257,INDIA,9047922922,Albatros@nuffieldhealth.com
634649,Joey,Nicky,52,T,"Cervical spondylosis",Amidalakunta,515651,INDIA,1918371270,Clemmie@gmail.com
636275,Gallagher,Joshuah,23,M,"Heart attack",Ananthapuram,516257,INDIA,7475221772,Ajai@gmail.com
636746,Emery,Iggy,7,F,Hyperthyroidism,Palamaner,517408,INDIA,2254825061,115139@gmail.com
638122,Kincaid,Park,26,T,"Hepatitis D",Enumulavaripalli,515501,INDIA,5850846790,Davey@gmail.com
638376,Emerson,Iggie,3,F,Hypothyroidism,Palamakulapalle,517429,INDIA,4438375855,114662@gmail.com
638614,Hanan,Lonnie,37,M,"Common Cold",Konampet,516257,INDIA,3736595638,Baldwin@gmail.com
639217,Greggory,Lefty,61,M,"Hepatitis B","Gopavaram Project Site",516233,INDIA,4353075620,Armand@gmail.com
639467,Jan,Monty,33,T,"Drug Reaction",Singareddypalli,516127,INDIA,2401353170,Casey@gmail.com
641285,Hamlin,Locke,47,M,Tuberculosis,Kodur,516101,INDIA,8065096439,Bailie@gmail.com
642333,Julio,Oliver,37,M,Dengue,Chennampalli,515621,INDIA,5888816639,Crawford@gmail.com
642637,Edwin,Horacio,1,F,Impetigo,Nanasahebpet,517247,INDIA,6310948360,102469@gmail.com
642976,Keith,Osbourne,27,M,"hepatitis A",Chowtivaripalle,515551,INDIA,1580054787,Dana@gmail.com
645265,Floyd,Jerrold,26,M,"Cervical spondylosis",Thamballapalle,517418,INDIA,8907757243,501@gmail.com
647071,Jody,Nickey,35,F,"Cervical spondylosis",Amagondapalem,515144,INDIA,2972003405,Clemens@gmail.com
647303,Gerrard,Kenyon,37,M,Jaundice,"Chennamukka Palli",516269,INDIA,9822714013,Alwin@ramsayhealth.co.uk
647684,Graeme,Layton,38,F,"Hepatitis B",Ganugapenta,516228,INDIA,4760286330,Archy@gmail.com
648525,Greg,Lazlo,38,F,"Hepatitis B",Gopanapalli,516267,INDIA,9940007806,Aristotle@gmail.com
649476,Harmon,Lucien,24,F,Pneumonia,Kothapet,516107,INDIA,7202779472,Baron@gmail.com
650955,Grove,Lemuel,44,M,"Hepatitis C",Gunnikuntla,516269,INDIA,7215841128,Arron@gmail.com
652895,Egbert,Horatius,6,F,Allergy,Nangamangalam,517132,INDIA,8893574619,103372@gmail.com
655619,Edsel,Hollis,3,M,"(vertigo) Paroymsal  Positional Vertigo","Nadimpalle RBDR",517423,INDIA,7427214888,101285@gmail.com
656327,Drake,Zipporah,2,F,"(vertigo) Paroymsal  Positional Vertigo",Mallakunta,517129,INDIA,9871991888,83976@gmail.com
659535,Francesco,Jo,48,F,"Heart attack",Vajjireddipalle,517124,INDIA,9979216097,Abbey@gmail.com
660880,Avi,O'Brian,6,M,"Hepatitis B",Kesavapuram,515774,INDIA,1347821214,44555@gmail.com
661745,Emmy,Immanuel,7,M,Allergy,Parikidona,517257,INDIA,7059323711,123695@gmail.com
662526,Israel,Milo,33,M,GERD,Rollamadugu,516126,INDIA,6739507680,Calvin@gmail.com
664026,Jake,Moises,48,M,"Drug Reaction",Sibyala,516269,INDIA,3548632675,Carson@gmail.com
664124,Hansel,Lothar,48,M,"Common Cold",Kondur,516127,INDIA,8879198190,Barn@gmail.com
665069,Jermayne,Nathanil,53,T,"Bronchial Asthma",Vaddemanu,516193,INDIA,7010980486,Christiano@gmail.com
667253,Gunther,Leonard,48,F,"Hepatitis D",Guvvalachervu,516504,INDIA,1471979920,Arvie@gmail.com
667747,Heath,Malcolm,24,F,"Varicose veins",Mallepalli,516503,INDIA,7616412857,Baxter@gmail.com
667990,Elvis,Hymie,5,F,Tuberculosis,"P.E.S.MEDICAL COLLEGE",517425,INDIA,6979343517,112556@gmail.com
668225,Gideon,King,35,M,Malaria,Chinnakampalli,516003,INDIA,5633313773,Anatole@ramsayhealth.co.uk
670635,Hans-Peter,Lorrie,27,M,"Common Cold",Kondavandlapalli,516504,INDIA,6514280397,Barde@gmail.com
671394,Jackson,Mohamed,48,M,"Chronic cholestasis",Seetharamapuram,516126,INDIA,3607554646,Carlos@gmail.com
673930,Ebeneser,Hillary,7,M,"Alcoholic hepatitis",Mukkalathur,517125,INDIA,1377420586,96728@gmail.com
674105,Eben,Hillard,3,M,"Hepatitis E",Mudivedu,517350,INDIA,1186099037,96610@gmail.com
674139,Horatius,Maurits,37,M,Acne,Peddabidiki,516129,INDIA,2715861853,Boris@gmail.com
676662,Jereme,Nat,27,M,Gastroenteritis,Ukkayapalle,516002,INDIA,4678218282,Chevalier@gmail.com
677133,Felicio,Jedediah,43,M,"Hepatitis E",Santhabandapalle,517401,INDIA,9883165286,152@gmail.com
677464,Giffy,Kirk,27,M,"Chicken pox","Chintha Komma Dinne",516003,INDIA,1142994078,Andre@ramsayhealth.co.uk
678822,Georgia,Kelsey,26,M,Hyperthyroidism,"Budida Gunta Palli",516257,INDIA,5607214387,Allen@bmihealthcare.co.uk
678880,Gustaf,Leonerd,52,F,"Hepatitis D","Industrial Estate",516004,INDIA,2104848620,Arvind@gmail.com
679533,Hugh,Maximilien,39,F,"Urinary tract infection",Pedullapalli,516228,INDIA,5318304241,Brady@gmail.com
679991,Haydon,Mahesh,17,F,"Varicose veins",Madhavaram,516269,INDIA,6313306220,Barton@gmail.com
680039,Judas,Obie,35,M,"Chicken pox",Byagarlapalli,515301,INDIA,3226915947,Corky@gmail.com
680968,Henry,Marcus,55,M,Hyperthyroidism,Miduthur,516203,INDIA,1960397348,Bengt@gmail.com
681197,Jerald,Myron,64,M,Gastroenteritis,Thummachetlapalli,516128,INDIA,5362293279,Cheston@gmail.com
683215,Gavin,Kareem,52,M,Typhoid,Bethayapalli,516233,INDIA,4902520903,Alfie@spiremanchester.com
685136,Jens,Myles,27,F,"Diabetes ",Thokalapalli,516505,INDIA,1202619684,Chen@gmail.com
685346,Jermaine,Nathanie,24,M,"Bronchial Asthma",Utukur,516003,INDIA,8965607804,Christian@gmail.com
687945,Kin,Paolo,27,M,"Hepatitis D",Elukuntla,515159,INDIA,9109843502,Dave@gmail.com
689085,Forester,Jessie,32,M,"Hepatitis C",Thumbakuppam,517416,INDIA,5950144829,611@gmail.com
689711,Jed,Moshe,44,M,AIDS,Tallapaka,516126,INDIA,5354212121,Chane@gmail.com
690125,Dimitri,Leonor,7,M,GERD,Kothakota,517247,INDIA,9711399784,66665@gmail.com
691077,Huntington,Mead,36,M,"Urinary tract infection",Polimerapalli,516130,INDIA,2149710951,Bret@gmail.com
693281,Garcia,Jotham,35,M,Hypothyroidism,Anantharajupet,516105,INDIA,3377455401,Al@gmail.com
693297,Ignazio,Merwin,26,F,"Fungal infection",Rajampet,516115,INDIA,9440275378,Bryant@gmail.com
694089,Durward,Jacki,7,M,Migraine,Melamdoddi,517247,INDIA,4044633010,90531@gmail.com
694197,Dwayne,Hewitt,8,F,"Chicken pox","Mittapalle KPM",517425,INDIA,2104537186,94969@gmail.com
697793,Heathcliff,Manfred,38,M,"Varicose veins",Mallur,516214,INDIA,8558317409,Bay@gmail.com
698718,Erwin,Jacob,27,F,Osteoarthristis,Pullur,517130,INDIA,9653575791,155064@gmail.com
698943,Kingsly,Parnell,22,M,"Hepatitis D",Ethodu,515571,INDIA,7076106280,Davide@gmail.com
699054,Jo,Nevin,22,M,Migraine,Yerramukkapalli,516004,INDIA,3178392248,Claudius@gmail.com
699220,Julian,Oleg,35,M,Dengue,Cheepuleti,515303,INDIA,4500974819,Courtney@gmail.com
700937,Jess,Neil,32,F,"Hypertension ","Venkatapathiraju Kandrika",516101,INDIA,3511422567,Chuck@gmail.com
701169,Igor,Meryl,48,F,"Fungal infection","Rajampet Rs",516115,INDIA,7807158736,Bryce@gmail.com
705308,Garfinkel,Jude,62,F,"Urinary tract infection",Appanapalli,516203,INDIA,2339824616,Albert@nuffieldhealth.com
705334,Kam,Orin,46,F,Typhoid,Chillavaripalle,515631,INDIA,5100558361,Cyrille@gmail.com
705546,Geo,Keefe,44,F,"Alcoholic hepatitis",Botlachervu,516269,INDIA,6780645359,Alfredo@nhs.net
705876,Hezekiah,Marven,53,F,Osteoarthristis,"Narayana Reddy Palli",516215,INDIA,8335432507,Bertram@gmail.com
706444,Joshua,Northrop,31,F,Malaria,Bucherla,515123,INDIA,7886241471,Constantin@gmail.com
708611,Elwood,Iain,10,F,Pneumonia,Pachanapalle,517419,INDIA,9045292731,113064@gmail.com
710805,Gordon,Lawrence,38,M,"hepatitis A",Galiveedu,516267,INDIA,2523942656,Archibald@gmail.com
710908,Krishna,Patrice,38,M,"Alcoholic hepatitis",Gollapuram,515211,INDIA,8754762862,Demetre@gmail.com
711798,Jef,Muffin,25,M,AIDS,Tangatur,516151,INDIA,3972579194,Charles@gmail.com
711799,Hogan,Mattias,37,T,"(vertigo) Paroymsal  Positional Vertigo",Palugurallapalli,516503,INDIA,8693126426,Bo@gmail.com
712392,Federico,Jeb,42,F,"Hepatitis C",Sampathikota,517370,INDIA,6859123523,138@gmail.com
714192,Enrico,Ira,6,F,"Bronchial Asthma",Peddabangarunatham,517425,INDIA,7688574404,128512@gmail.com
715183,Harlan,Lowell,73,F,Pneumonia,Kopparthi,516003,INDIA,7329797751,Barnebas@gmail.com
716910,Grady,Lawton,44,F,"hepatitis A",Gangaperur,516213,INDIA,7701236378,Archie@gmail.com
719134,Hercule,Marius,33,F,Hyperthyroidism,Mudumala,516503,INDIA,5288226150,Benjie@gmail.com
725843,Kristopher,Patrick,61,M,"Alcoholic hepatitis",Gonipeta,515110,INDIA,2784404683,Demetris@gmail.com
726366,Gale,Josh,38,M,Pneumonia,Amagampalli,516193,INDIA,7932074755,Ahmed@yahoo.com
726445,Jonny,Noble,33,M,Jaundice,Bhupasamudram,515341,INDIA,4269659990,Cole@gmail.com
728973,Joel,Nickolas,47,F,"Cervical spondylosis",Amidalagondi,515301,INDIA,9253885486,Clemente@gmail.com
729364,Hymie,Meredeth,33,M,Psoriasis,Pullapathur,516150,INDIA,6618857685,Broddie@gmail.com
729927,Giraldo,Kurt,28,F,Dengue,Degalavandlapalli,516002,INDIA,7835160593,Angie@gmail.com
731790,Hamilton,Lionel,44,M,Tuberculosis,Kesapuram,516214,INDIA,3824239988,Axel@gmail.com
732591,Eddie,Hilton,2,M,"Dimorphic hemmorhoids(piles)",Musalikunta,517418,INDIA,2256837447,97673@gmail.com
733620,Jimbo,Nevil,26,M,Migraine,Yellayapalli,516108,INDIA,9590499310,Clarke@gmail.com
734261,Joao,Niall,35,T,Migraine,Adadakulapalli,515124,INDIA,5097674547,Clayborn@gmail.com
734347,Fitzgerald,Jeremias,46,F,Allergy,Suraiahgaripalle,517257,INDIA,8836761540,402@gmail.com
735136,Giovanne,Kristopher,19,F,Dengue,Dandlapalli,516107,INDIA,4331529761,Angelico@gmail.com
735356,Judith,Odie,26,M,"Chicken pox",Chakarlapalli,515122,INDIA,8913838406,Corrie@gmail.com
735413,Errol,Jackie,8,F,Hyperthyroidism,Pulikallu,517126,INDIA,8944139547,148482@gmail.com
736080,Dru,Barbra,2,M,"Urinary tract infection",Mallela,517370,INDIA,9958512790,86320@gmail.com
737932,Kris,Patric,44,M,"Hepatitis E",Gollapalli,515212,INDIA,9270414475,Delmar@gmail.com
738441,Guthrey,Leroy,51,M,"Hepatitis E",Jangamrajupalli,516502,INDIA,3670943728,Ashley@gmail.com
738829,Huntlee,Meade,14,T,"Urinary tract infection",Polopalli,516104,INDIA,8609306532,Brett@gmail.com
738966,Konrad,Pate,35,M,"Hepatitis E",Gantimarri,515101,INDIA,9115163919,Dean@gmail.com
739756,Kraig,Paton,19,M,"Hepatitis E",Ghntapuram,515661,INDIA,9455153947,Dell@gmail.com
741377,Florian,Jerrie,37,M,Migraine,Thalupulapalle,517124,INDIA,4803540582,481@gmail.com
743405,Ellwood,Huntley,5,M,Dengue,Nellimanda,517257,INDIA,6754906934,111505@gmail.com
743861,Ingmar,Micheal,18,M,"Fungal infection",Ramarajupalli,516003,INDIA,5429774568,Burgess@gmail.com
744027,Ferdinand,Jeffery,19,M,"Dimorphic hemmorhoids(piles)",Siddarajurangarajukandiga,517599,INDIA,7455644456,200@gmail.com
744449,Garold,Judith,61,F,Psoriasis,Appayarajupet,516107,INDIA,7568330118,Alberto@spirehealthcare.com
744535,Emilio,Ignacius,4,M,Arthritis,Pallikuppam,517401,INDIA,6849972741,116161@gmail.com
744741,Isador,Mike,61,F,GERD,Reddivaripalli,516101,INDIA,8554573534,Caesar@gmail.com
744979,Harvard,Lyle,35,M,"Dimorphic hemmorhoids(piles)",Kuppagattupalli,516259,INDIA,3850342507,Bartel@gmail.com
745081,Julius,Olivier,26,M,Dengue,Chennarajupalli,515110,INDIA,2123475333,Creighton@gmail.com
746158,Dudley,Brittiney,2,M,"Fungal infection",Mangalapalle,517416,INDIA,9711801705,88129@gmail.com
746553,Jaime,Moise,52,M,"Drug Reaction","Shankarapuram (Cuddapah)",516002,INDIA,8228868717,Carroll@gmail.com
750185,Eugene,Jan,30,M,"Chronic cholestasis",Rallabudugur,517423,INDIA,3407207165,138610@gmail.com
750359,Earle,Hilbert,3,M,"Hepatitis C",Muddanapalle,517401,INDIA,2084549810,96417@gmail.com
750591,Hayden,Magnus,48,F,"Varicose veins",Maddirevula,516257,INDIA,2336651513,Bartolomeo@gmail.com
750668,Gustave,Leonid,52,F,"Hepatitis D",Itimarpuram,516128,INDIA,5774792793,Ash@gmail.com
750703,Inigo,Michel,24,M,Allergy,Rameswaram,516193,INDIA,6152330097,Burl@gmail.com
750734,Hillel,Matias,19,M,Arthritis,Nuliveedu,516267,INDIA,4491425581,Bing@gmail.com
752207,Kelvin,Ossie,14,M,"Hepatitis B",Dadithota,515631,INDIA,7637872496,Dannie@gmail.com
752690,Hilary,Marwin,46,F,Arthritis,Narvakatpalli,516213,INDIA,7167602177,Bharat@gmail.com
752903,Ed,Hilliard,4,M,Pneumonia,Murukambattu,517127,INDIA,2173807965,97304@gmail.com
753419,Filmore,Jeramie,32,M,"Urinary tract infection",Sonnarasanapalle,517426,INDIA,7449217298,346@gmail.com
755148,Kaspar,Orville,27,M,"hepatitis A",Chitnaduku,515281,INDIA,9889167429,Dalton@gmail.com
757654,Everett,Jason,56,M,"Bronchial Asthma",Rapurivaripalle,517370,INDIA,4148080958,146501@gmail.com
757726,Hassan,Maddie,32,M,"Heart attack","Lingareddy Palli",516003,INDIA,4437137529,Bartlet@gmail.com
759273,Laurens,Pepito,52,M,"Common Cold",Gunjepalli,515159,INDIA,2145878000,Devin@gmail.com
761495,Earl,Hilary,6,M,"Hepatitis B",Mudaramdoddi,517424,INDIA,5776548518,95761@gmail.com
762151,Ellis,Huntington,5,M,Malaria,Nellaipalle,517167,INDIA,7409837305,111249@gmail.com
762931,Isaak,Mikael,62,F,Allergy,Reddivaripalli,516257,INDIA,8372601667,Byron@gmail.com
762987,Giffer,Kingston,64,M,Malaria,Chinnamandem,516214,INDIA,1492942354,Anders@ramsayhealth.co.uk
764709,Gregg,Lee,62,M,"Hepatitis B",Gopavaram,516233,INDIA,8447066202,Arlo@gmail.com
765240,Harrison,Ludvig,29,M,"Dimorphic hemmorhoids(piles)","Krishnapur R.S.",516003,INDIA,3707497305,Barrett@gmail.com
765774,Hill,Mateo,26,F,Arthritis,Nekanapuram,516247,INDIA,7574704525,Bill@gmail.com
765990,Fritz,Jordan,27,F,Typhoid,Adapur,516150,INDIA,1186459005,Adrian@gmail.com
767473,Hayes,Mahmoud,22,F,"Varicose veins","Madhavaram (Cuddapah)",516247,INDIA,2008905220,Barty@gmail.com
769125,Carmine,Kimmel,59,M,Jaundice,Taticherla,515731,INDIA,1223219400,4890@gmail.com
769974,Hank,Loren,33,M,"Common Cold",Konarachapalli,516501,INDIA,5711177758,Barbabas@gmail.com
770439,Elisha,Humphrey,4,M,"Cervical spondylosis",Neerugattuvaripalle,517326,INDIA,3210938673,107141@gmail.com
770872,Douggie,Tameika,9,M,"Heart attack",Madireddipalle,517422,INDIA,9971112537,81591@gmail.com
771441,Frank,Joaquin,27,F,Hypoglycemia,Varathur,517421,INDIA,6677046634,Abby@gmail.com
771586,Jehu,Mustafa,25,T,"Diabetes ",Thiruvengalapuram,516502,INDIA,5232310767,Che@gmail.com
774142,Jean-Marc,Morton,37,M,AIDS,T.Soudarivaripalli,516503,INDIA,5283069636,Chance@gmail.com
775627,Klee,Pasquale,23,F,"Hepatitis E",Gangivaripalli,515581,INDIA,2140588226,Davy@gmail.com
775998,Lamar,Paulo,33,M,"Alcoholic hepatitis",Gowkanapalle,515581,INDIA,8861543861,Denny@gmail.com
776126,Douglass,Toniann,1,F,Hyperthyroidism,Mahadevamangalam,517125,INDIA,9899939673,81932@gmail.com
777305,Dom,Pang,3,F,"Paralysis (brain hemorrhage)",Kukkalapalle,517128,INDIA,9873926616,72131@gmail.com
778526,Homer,Maurice,47,M,"(vertigo) Paroymsal  Positional Vertigo","Patha Cuddapah",516002,INDIA,1820307161,Bobby@gmail.com
779387,Hallam,Lindsay,38,F,"Alcoholic hepatitis",Karampalli,516126,INDIA,8000384429,Averill@gmail.com
779511,Freemon,Jon,25,M,"Cervical spondylosis","Yellampalle Santhagate",517130,INDIA,4019586878,Adolf@gmail.com
780536,Frederic,John,38,M,"Drug Reaction",Venkatagirikota,517424,INDIA,1017636221,Adair@gmail.com
781926,Elihu,Huey,2,M,Gastroenteritis,Narasingarayanipettah,517419,INDIA,4909363743,106100@gmail.com
782518,Giuseppe,Kyle,42,F,Dengue,Devamachupalli,516104,INDIA,4514818799,Ansel@gmail.com
783073,Judd,Octavius,46,M,"Chicken pox",Byrapuram,515110,INDIA,3452495081,Cornelius@gmail.com
784164,Kerry,Paddy,25,M,"Hepatitis C",Duddebanda,515164,INDIA,3516996684,Darrin@gmail.com
785629,Goose,Laurent,35,M,"hepatitis A",Gadela,516108,INDIA,5124188648,Apollo@gmail.com
786938,Flint,Jeromy,28,M,"Bronchial Asthma",Tenepalle,517124,INDIA,9208051962,478@gmail.com
787063,Ellsworth,Huntlee,9,M,"Chicken pox",Nellapalle,517414,INDIA,1638469595,111251@gmail.com
787648,Gerhard,Kenn,49,M,Psoriasis,Chakrapunayanipet,516128,INDIA,8049438433,Aloysius@ramsayhealth.co.uk
788593,Elmore,Husain,7,M,"hepatitis A",Nernipalle,517424,INDIA,2925968718,112070@gmail.com
789301,Hamnet,Logan,62,M,"Common Cold",Kommaluru,516203,INDIA,4239214508,Baily@gmail.com
789662,Gretchen,Leland,44,M,"Hepatitis C",Govindayapalli,516193,INDIA,5025450829,Arne@gmail.com
793918,Durante,Jacelyn,7,M,"Hypertension ",Mekalachinnepalle,517257,INDIA,4273043479,90439@gmail.com
794633,Janus,Mordecai,52,F,"Drug Reaction",Somavaram,516268,INDIA,1607182105,Casper@gmail.com
794821,Erin,Ivan,5,M,Tuberculosis,Pogurupalle,517426,INDIA,2388163411,140715@gmail.com
796541,Englebart,Ingmar,10,M,AIDS,Patoor,517124,INDIA,1231031222,127212@gmail.com
798619,Hari,Lovell,27,F,Pneumonia,Koonavaripalli,516203,INDIA,4740358268,Barnard@gmail.com
799084,Jerold,Neal,62,M,"Bronchial Asthma",Vaddevandlapalli,516215,INDIA,7435833464,Christie@gmail.com
801413,Gershom,Kevan,27,F,Jaundice,"Chennur (Cuddapah)",516162,INDIA,1110574905,Ambrosi@ramsayhealth.co.uk
803624,Istvan,Milt,48,T,GERD,Rowthukunta,516215,INDIA,1970401026,Cam@gmail.com
803944,Georges,Kelly,27,M,Hypothyroidism,Buddayapalli,516002,INDIA,7968253717,Allan@bmihealthcare.co.uk
803958,Helmuth,Marcel,38,M,Hypothyroidism,Mangampet,516105,INDIA,3537615843,Bearnard@gmail.com
803998,Dimitrios,Lisandra,7,M,"Chronic cholestasis",Kothapalle,517132,INDIA,9811308030,67087@gmail.com
804823,Jeffie,Murdoch,26,F,"Diabetes ",Thimmareddypalli,516259,INDIA,7729043715,Chas@gmail.com
807165,Eugen,Jamie,22,M,GERD,Rajupeta,517401,INDIA,2569862625,164979@gmail.com
807211,Hartley,Lukas,19,M,"Dimorphic hemmorhoids(piles)",Kumarakalva,516259,INDIA,6339337273,Barron@gmail.com
807738,Keil,Osbourn,27,M,"hepatitis A",Chowtakuntapalli,515501,INDIA,1690514537,Dan@gmail.com
807981,Erek,Isadore,2,M,Typhoid,"Peddur Reservoir",517418,INDIA,9438590807,134130@gmail.com
809155,Hodge,Matthus,44,M,"(vertigo) Paroymsal  Positional Vertigo",Palampalli,516003,INDIA,9401118130,Blayne@gmail.com
809283,Johnnie,Nikos,44,M,"Paralysis (brain hemorrhage)",Basampalli,515651,INDIA,1888421907,Clive@gmail.com
810629,Dwain,Hewet,5,F,"Paralysis (brain hemorrhage)",Miniki,517417,INDIA,9545040297,91077@gmail.com
811005,Gian,Kimball,37,F,Malaria,"Cheyyeru  Project",516150,INDIA,4209215851,Amery@ramsayhealth.co.uk
812149,Josiah,Norton,35,M,Malaria,Budidagaddapalli,515241,INDIA,1792026176,Constantinos@gmail.com
812185,Georgy,Kelwin,28,M,Osteoarthristis,Buduguntapalli,516101,INDIA,4541669978,Allie@bmihealthcare.co.uk
813105,Hew,Martie,31,M,Osteoarthristis,Nallaguttapalli,516504,INDIA,2697665210,Bernard@gmail.com
814950,Kenny,Ozzie,33,F,"Hepatitis B",Diguvathotlipalli,515571,INDIA,5836334612,Dario@gmail.com
817211,Hadrian,Levi,44,M,"Hepatitis E",Kalavakunta,516505,INDIA,9545901437,Augie@gmail.com
817304,Claus,Pistek,19,M,Gastroenteritis,Aradigunta,517247,INDIA,1244397300,1273@gmail.com
819350,Gamaliel,Josiah,24,M,"Varicose veins","Anantharajup R.S.",516105,INDIA,6017836330,Ajay@rediffmail.com
819479,Justin,Olle,37,T,Dengue,Chennekothapalli,515101,INDIA,6157780067,Cris@gmail.com
822373,Judson,Odin,37,T,"Chicken pox",Chalakur,515122,INDIA,8528083114,Cortese@gmail.com
822464,Duffy,Chanice,2,M,GERD,Mapakshi,517002,INDIA,9911224465,88810@gmail.com
822846,Evelyn,Jarrett,24,M,"Diabetes ",Ramasamudram,517417,INDIA,2978803918,111384@gmail.com
823556,Hamlet,Lloyd,28,M,Tuberculosis,"Kodur Rs",516101,INDIA,5246095738,Bailey@gmail.com
824776,Joachim,Newton,35,M,Migraine,Achampalle,515621,INDIA,1224965079,Clay@gmail.com
825281,Hubert,Maxie,27,F,Acne,Peddarajupalli,516502,INDIA,2220216987,Bradford@gmail.com
825716,Hamid,Linus,37,F,Tuberculosis,"Katineni Erragudi",516259,INDIA,2310695124,Avram@gmail.com
826825,Emmott,Ikey,9,M,"Fungal infection",Papisettipalle,517132,INDIA,8650210869,123663@gmail.com
828246,Ernst,Jabez,1,M,"Varicose veins","Prasanth Nagar (Chittoor)",517128,INDIA,3578518590,144172@gmail.com
829430,Jacob,Mohammad,46,M,"Chronic cholestasis",Seshamanbapuram,516150,INDIA,4887453696,Carlton@gmail.com
831089,Gearard,Karsten,38,F,"Hepatitis D",Bonamala,516214,INDIA,9424877392,Alford@nhs.net
832935,Jonathon,Noam,38,M,Jaundice,Bhanukota,515621,INDIA,7130353994,Colbert@gmail.com
833388,Flinn,Jerome,39,M,Gastroenteritis,Tenebanda,517004,INDIA,6727389684,468@gmail.com
834748,Englebert,Ingram,1,M,"Diabetes ",Patrapalle,517257,INDIA,3151247213,128235@gmail.com
835595,Fran,Jimmy,27,F,"Dimorphic hemmorhoids(piles)",Uttarabrahmanapalle,517131,INDIA,9281163423,Aamir@gmail.com
836975,Lamont,Pearce,32,M,Tuberculosis,Gownivaripalli,515231,INDIA,5007750940,Derek@gmail.com
838807,Kimball,Pail,32,M,"Hepatitis C",Eguvagangireddipalli,515531,INDIA,6555640796,Daryl@gmail.com
839345,Gerald,Ken,19,M,Arthritis,Buduguntapalli,516126,INDIA,8789348112,Allin@bmihealthcare.co.uk
839871,Giorgio,Kristian,38,F,Dengue,Dammanapalli,516193,INDIA,8824020667,Angel@gmail.com
840053,Ivan,Milton,32,M,GERD,"RTC Work Shop",516002,INDIA,6400851476,Cameron@gmail.com
841858,Irvine,Mickey,47,T,Allergy,Ravulapalli,516203,INDIA,5605798459,Burton@gmail.com
842301,Lauren,Pepe,46,F,Tuberculosis,Gunemorubagal,515286,INDIA,8985695214,Desmond@gmail.com
843505,Larry,Pennie,35,F,Tuberculosis,"Gudibanda (Ananthapur)",515271,INDIA,4587125485,Derrol@gmail.com
844698,John,Nigel,62,M,"Paralysis (brain hemorrhage)",Badannapalli,515672,INDIA,3455989339,Clifford@gmail.com
844899,Kyle,Patty,44,M,"Alcoholic hepatitis",Govindapuram,515291,INDIA,7350207121,Dennie@gmail.com
844927,Edward,Horace,10,F,Psoriasis,Nampalle,517130,INDIA,2125266777,102194@gmail.com
845504,Giacomo,Kim,26,F,Malaria,"Cheruvukinda Rachapalli",516110,INDIA,9156268567,Ambrosius@ramsayhealth.co.uk
845534,Hudson,Maxim,48,F,Acne,Peddinenikalva,516129,INDIA,1572857959,Bradley@gmail.com
845596,Griffith,Lemmie,47,M,"Hepatitis C",Gundlapalli,516130,INDIA,5894890946,Arnoldo@gmail.com
847235,Ibrahim,Merle,32,M,Impetigo,Pushpagiri,516162,INDIA,3092159107,Brodie@gmail.com
847590,Emmett,Igor,7,M,Psoriasis,Panjani,517408,INDIA,4846501470,118880@gmail.com
849126,Jarrett,Morlee,35,M,"Peptic ulcer diseae","Srinivasa Nagar",516101,INDIA,3553594508,Cat@gmail.com
850599,Horst,Mauritz,35,M,Acne,Peddaorampadu,516108,INDIA,9502536227,Boyce@gmail.com
852296,Jennings,Myke,35,F,"Diabetes ",Thogurupet,516150,INDIA,9172653868,Chelton@gmail.com
855647,Kelly,Osmond,34,M,"hepatitis A",Dabburivaripalli,515531,INDIA,2146943039,Danie@gmail.com
855685,Garp,Judson,55,F,Impetigo,"APSP Xl Batallion",516247,INDIA,7505252392,Albrecht@spirebristol.com
857601,Hadleigh,Lester,33,M,"Hepatitis E",Kakulavaram,516270,INDIA,4677762252,Aubert@gmail.com
858032,Gilles,Kory,53,M,"Chicken pox","Cooperative Colony",516001,INDIA,8943749721,Andri@gmail.com
859370,Dwane,Hewie,5,F,Malaria,Mittapalle,517319,INDIA,1566358770,94959@gmail.com
860006,Harland,Lucas,17,F,Pneumonia,Korlakunta,516108,INDIA,3505174810,Barnett@gmail.com
861047,Finley,Jere,60,M,Psoriasis,Srikaverirajapuram,517599,INDIA,3199211569,347@gmail.com
861873,Ernest,Izaak,7,M,Pneumonia,Polavaram,517124,INDIA,9230469735,141749@gmail.com
862749,Hans,Lorne,35,M,"Common Cold",Kondavandlapalli,516259,INDIA,7176169411,Bard@gmail.com
864664,Jack,Moe,35,M,"Chronic cholestasis",Saraswatipalli,516504,INDIA,3318580003,Carlin@gmail.com
865631,Jon,Nilson,33,M,"Paralysis (brain hemorrhage)",Beechaganipalli,515261,INDIA,4695894718,Cobb@gmail.com
866285,Jeth,Nester,32,M,"Hypertension ",Vongimalla,516268,INDIA,1959686903,Clare@gmail.com
866362,Ezekiel,Jean-Christophe,32,F,Jaundice,Renumakulapalle,517418,INDIA,6074843164,73@gmail.com
867348,Kenneth,Owen,19,T,"Hepatitis B","Dharmavaram R.S",515672,INDIA,3993899440,Darin@gmail.com
867489,Giffard,Kingsly,48,M,Malaria,Chinnamachupalli,516162,INDIA,7802616713,Anatoly@ramsayhealth.co.uk
868250,Eliott,Humbert,2,M,Migraine,Nawabkota,517391,INDIA,6463260493,106920@gmail.com
871853,Goddart,Lane,32,M,Typhoid,Dumpalagattu,516163,INDIA,2311230882,Anton@gmail.com
873247,Gerry,Kerry,47,F,Jaundice,Chennupalli,516217,INDIA,3033033493,Ambrose@ramsayhealth.co.uk
874503,Jonah,Niven,32,M,"Paralysis (brain hemorrhage)",Beedupalli,515134,INDIA,6756141080,Cobbie@gmail.com
874826,Husain,Mel,62,M,Psoriasis,Pothapi,516151,INDIA,8201393947,Brian@gmail.com
876913,Gus,Leonardo,46,F,"Hepatitis D",Hasanapuram,516504,INDIA,1955112351,Arvin@gmail.com
877245,Gustav,Leonhard,52,F,"Hepatitis D",Itigullapadu,516193,INDIA,9839842360,Arvy@gmail.com
878361,Fitz,Jeremiah,35,F,"Fungal infection",Sugalimitta,517247,INDIA,6532948110,380@gmail.com
879522,Garrett,Juergen,38,F,Allergy,Atlur,516501,INDIA,3756793590,Aldis@spireportsmouth.com
881120,Hale,Liam,28,M,"Alcoholic hepatitis",Kampasamudram,516104,INDIA,5958077648,Austin@gmail.com
881193,Ginger,Kostas,62,M,"Chicken pox","Cuddapah Coop Sugars",516163,INDIA,6180368111,Andros@gmail.com
882255,Ephram,Irving,6,F,"Cervical spondylosis",Peddapalem,517390,INDIA,1486739890,132458@gmail.com
883014,Edmund,Hodge,7,M,Osteoarthristis,Nadigadda,517123,INDIA,3935214736,99114@gmail.com
885273,Ignatius,Merv,45,T,Impetigo,Rachinnayapalli,516162,INDIA,1623108731,Bruno@gmail.com
886064,Hunter,Mayor,34,M,"Urinary tract infection",Poli,516126,INDIA,3362875755,Brent@gmail.com
887337,Juergen,Olaf,19,M,"Chicken pox",Challapalli,515122,INDIA,4501792345,Cory@gmail.com
888257,Edmond,Hobart,9,M,Hypoglycemia,Muthukuru,517416,INDIA,4922797189,98961@gmail.com
892465,Hussein,Melvyn,33,M,Psoriasis,Prabhalaveedu,516228,INDIA,7701266335,Briggs@gmail.com
892575,Franklyn,Jodi,34,M,"(vertigo) Paroymsal  Positional Vertigo",Veerakanellore,517167,INDIA,4835117820,Abdulkarim@live.com
893659,Eduardo,Homer,6,M,"Urinary tract infection",Nallappareddiyuru,517423,INDIA,2975524153,101895@gmail.com
894477,Hamel,Linoel,36,F,Tuberculosis,Katinayakunta,516269,INDIA,6131229762,Avraham@gmail.com
894678,Ebenezer,Hillel,10,M,Tuberculosis,Mulakalacheruvu,517390,INDIA,7536639012,96811@gmail.com
898468,Jean-Pierre,Mose,37,M,AIDS,Takkolu,516002,INDIA,6590299379,Chanderjit@gmail.com
899358,Gregorio,Leigh,45,M,"Hepatitis C",Gorlamudiveedu,516269,INDIA,5598202479,Armond@gmail.com
899954,Jephthah,Mylo,48,M,Gastroenteritis,Thudumaladinne,516203,INDIA,1233539164,Chester@gmail.com
901070,Ehud,Horst,9,F,GERD,Naniyala,517401,INDIA,8783198060,103449@gmail.com
901146,Kennedy,Otto,38,F,"Hepatitis B",Dharmavaram,515671,INDIA,2890934437,Darien@gmail.com
901888,Ernesto,Izak,2,M,"Dimorphic hemmorhoids(piles)",Ponnutipalem,517326,INDIA,2009932225,142488@gmail.com
903997,Elliott,Hunter,3,M,Jaundice,Nelavoy,517167,INDIA,3428522654,110871@gmail.com
907073,Herold,Marlow,35,M,Hypoglycemia,"Muthukuvandla Palli",516215,INDIA,7557668405,Bentley@gmail.com
907658,Dietrich,Krystie,9,F,"Fungal infection",Kotevaripalle,517326,INDIA,6198407262,64701@gmail.com
907662,Elijah,Hugh,4,M,"Bronchial Asthma",Nariganipalle,517417,INDIA,3948115534,106766@gmail.com
907730,Elmer,Hurley,7,M,Typhoid,Nellipatla,517432,INDIA,2338103216,111622@gmail.com
910752,Gustavus,Leopold,46,M,"Hepatitis E",Jangampalli,516129,INDIA,5263727925,Ashish@gmail.com
910975,Garth,Julie,22,M,"Peptic ulcer diseae",Badvel,516227,INDIA,3559251458,Aldus@spirehealthcare.com
911363,Gaven,Kane,52,M,Dengue,Besthapalli,516128,INDIA,7312770936,Alf@nhs.net
912614,Doug,Suzannah,3,M,"Dimorphic hemmorhoids(piles)","Madhavaram IRM",517128,INDIA,9711199058,81562@gmail.com
913190,Friedrick,Jonny,45,F,Dengue,Abbavaramvandlapalli,516269,INDIA,7996863679,Adolphus@gmail.com
913389,Jimmie,Nevile,48,M,Migraine,Yerragatlavandlapalli,516214,INDIA,3411705878,Claude@gmail.com
918091,Janos,Moore,45,F,"Drug Reaction",Sivalapalli,516162,INDIA,1831008600,Caspar@gmail.com
919957,Kevan,Padraig,37,M,"Hepatitis C","East Nadimpalle",515581,INDIA,4678830168,Darryl@gmail.com
920083,Higgins,Marvin,35,F,Arthritis,Narayana(Nellore),516126,INDIA,9240820186,Bertrand@gmail.com
921624,Hillery,Matt,29,M,Arthritis,Obanapalli,516101,INDIA,6440107283,Binky@gmail.com
921964,Lars,Penny,23,T,Tuberculosis,Gudipalli,515122,INDIA,4848484848,Derron@gmail.com
923480,Gene,Kaspar,35,F,"Hepatitis E",Boppapuram,516193,INDIA,1580014219,Alfred@spirehealthcare.com
924828,Donal,Shanetta,2,M,"Hepatitis B",Lakshmipuram,517425,INDIA,9899894324,74324@gmail.com
926228,Georg,Kellen,35,M,"Heart attack",Brahmanapalli,516233,INDIA,3320078246,Alix@nhs.net
927028,Kelsey,Osmund,36,M,"hepatitis A",Dadalur,515641,INDIA,9522769133,Daniel@gmail.com
927100,Fabian,Jean-Lou,28,F,"Chicken pox",Rishivalley,517352,INDIA,7464066658,84@gmail.com
927812,Giraud,Kurtis,35,F,Dengue,Devagudipalli,516214,INDIA,1911010150,Angus@gmail.com
928169,Erasmus,Isaak,2,F,"Chicken pox",Peddayellakunta,517257,INDIA,1914068009,133645@gmail.com
929262,Guthry,Lesley,45,M,"Hepatitis E",Jyothi,516237,INDIA,6943333361,Aub@gmail.com
930358,Foster,Jim,33,M,Tuberculosis,Thurupupalle,517126,INDIA,5574982204,660@gmail.com
931597,Etienne,Jameson,21,M,"Fungal infection",Rachavetivaripalle,517326,INDIA,7884563788,163949@gmail.com
932806,Emil,Ignace,10,M,Hypoglycemia,Palasamudram,517599,INDIA,9915559854,115569@gmail.com
933158,Kaiser,Omar,44,F,Dengue,Cherukuru,515124,INDIA,2496613133,Curt@gmail.com
935191,Isidore,Miles,44,M,GERD,Rekulakunta,516233,INDIA,2764333564,Caleb@gmail.com
935511,Fonz,Jerzy,37,M,"Chicken pox",Theertham,517415,INDIA,5489015691,546@gmail.com
935978,Filipe,Jerald,22,M,Acne,Sompalle,517390,INDIA,8574456641,314@gmail.com
936355,Joab,Nevins,42,M,Migraine,"Yogi Vemana University.",516005,INDIA,2480449607,Claus@gmail.com
936928,Guillermo,Lenny,32,M,"Hepatitis D",Gurrappagaripalli,516268,INDIA,8597710494,Artie@gmail.com
937241,Jorge,Noland,48,M,Jaundice,Bommagondanahalli,515271,INDIA,6067022877,Collins@gmail.com
937355,Dion,Marylou,8,F,Gastroenteritis,Kothavenkatapuram,517421,INDIA,9999498696,70293@gmail.com
942585,Hendrik,Marcelo,44,M,Hypothyroidism,Mantapampalli,516152,INDIA,6359092905,Beauregard@gmail.com
942753,Frederich,John-David,19,M,"Peptic ulcer diseae",Venkatapuram,517125,INDIA,7179341010,Adam@gmail.com
943695,Dionysus,Nena,9,F,"Hypertension ",Krishnadasanapalle,517425,INDIA,9999842783,71464@gmail.com
944177,Herrick,Marlowe,23,M,Hypoglycemia,Mylapalli,516104,INDIA,7910049621,Benton@gmail.com
945844,Hagen,Levon,45,M,"Hepatitis E",Kalluripalli,516259,INDIA,1081895601,Augustin@gmail.com
948528,Knox,Pat,24,F,"Hepatitis E",Gangulavaipalem,515291,INDIA,8095315967,Dawson@gmail.com
950222,Fowler,Jimbo,25,M,"Common Cold",Todatara,517129,INDIA,5911180904,663@gmail.com
950394,Farley,Jean-Paul,46,F,"hepatitis A",Sadakuppam,517129,INDIA,4513663197,106@gmail.com
950818,Henrique,Marcos,61,T,Hypothyroidism,Mekalavaripalli,516228,INDIA,5005924228,Benedict@gmail.com
951156,Herb,Marietta,45,F,Hyperthyroidism,Mittameedipalli,516126,INDIA,6074605320,Benito@gmail.com
951366,Kurtis,Pattie,38,T,"Alcoholic hepatitis",Gotluru,515672,INDIA,7373777360,Denis@gmail.com
952090,Jameson,Montague,38,F,"Drug Reaction",Siddavaram,516505,INDIA,8025806504,Cary@gmail.com
952641,Jessey,Nelson,38,F,"Hypertension ",Venkatasettipalli,516501,INDIA,4634149789,Claire@gmail.com
953421,Galen,Joshua,18,M,"Dimorphic hemmorhoids(piles)","Ananthaiah Gari Palle",516107,INDIA,2404878394,Ahmet@live.in
954066,Kingsley,Parker,17,T,"Hepatitis D",Errakuntapalle,515571,INDIA,9574058055,Davidde@gmail.com
954166,Frans,Jody,14,M,"Urinary tract infection",Velkur,517125,INDIA,7167677815,Abe@gmail.com
954480,Dustin,Hewe,2,F,"Cervical spondylosis",Melmai,517408,INDIA,7625308500,90866@gmail.com
954698,Dominique,Rosana,4,M,Typhoid,L.S.Farm,517408,INDIA,9711202825,72741@gmail.com
956573,Dirk,Odessa,10,F,Migraine,Ksheerasamudram,517167,INDIA,9999970519,71745@gmail.com
957364,Easton,Hill,4,M,"Hepatitis D",Mudigolam,517124,INDIA,5230864904,96588@gmail.com
957542,Jethro,Nestor,45,T,"Hypertension ",Vontimitta,516213,INDIA,3389762542,Clarence@gmail.com
957568,Emmanuel,Ignatius,2,M,"(vertigo) Paroymsal  Positional Vertigo",Pallur,517132,INDIA,2379055134,116797@gmail.com
960952,Johnathon,Nikolai,38,M,"Paralysis (brain hemorrhage)",Bandlapalli,515110,INDIA,9232770093,Clinton@gmail.com
961102,Erny,Jack,5,M,Hypothyroidism,Pudipatla,517247,INDIA,1084572592,146656@gmail.com
962429,Francois,Joao,45,F,Hyperthyroidism,Vanamaladinne,517247,INDIA,7078307077,Abbott@gmail.com
963980,Kermie,Paco,32,M,"Hepatitis C",Donnikota,515531,INDIA,6283396835,Darren@gmail.com
964774,Dov,Twyla,6,F,Osteoarthristis,Malenatham,517247,INDIA,9999918991,82459@gmail.com
964837,Ephrem,Isa,10,F,Jaundice,Peddaupparapalle,517257,INDIA,6827186493,132549@gmail.com
966581,Emanuel,Ichabod,4,F,"Varicose veins",Palakur,517124,INDIA,5910797840,114459@gmail.com
967693,Jeremias,Nate,17,M,Gastroenteritis,Upparapalli,516162,INDIA,5548800663,Chip@gmail.com
967897,Inglebert,Michale,38,M,"Fungal infection",Ramapuram,516504,INDIA,7491657401,Buddy@gmail.com
968635,Herby,Marion,45,F,Hyperthyroidism,Mudrapalli,516128,INDIA,6885436401,Benji@gmail.com
970801,Eduard,Holly,9,M,Acne,Nalagampalle,517416,INDIA,9055709070,101525@gmail.com
972382,Ike,Meyer,17,M,"Fungal infection",Rajasahebpet,516505,INDIA,1574537966,Bryn@gmail.com
972655,Forster,Jethro,35,M,"Alcoholic hepatitis",Thurlapalle,517414,INDIA,2362502457,652@gmail.com
973450,Eustace,Janos,19,M,"Drug Reaction",Ramakuppam,517401,INDIA,1318958922,47044@gmail.com
974031,Jule,Olag,29,M,"Chicken pox",Chandakacherla,515301,INDIA,2736086508,Cosmo@gmail.com
975028,Judah,Oberon,53,M,"Chicken pox",Bussaiahgaripalli,515241,INDIA,4490399505,Corey@gmail.com
975932,Doyle,Yuridia,9,F,Arthritis,Malepadu,517326,INDIA,9899137173,82463@gmail.com
976048,Ewart,Javier,23,M,Migraine,Reddigunta,517002,INDIA,1607177272,15@gmail.com
976093,Ely,Ibrahim,3,F,"Heart attack",Paipalle,517131,INDIA,2239554664,114342@gmail.com
976403,Elroy,Hy,1,M,"Hepatitis D",Noolakunta,517425,INDIA,8695565494,112515@gmail.com
978704,Fidel,Jennings,39,M,Osteoarthristis,Sogadaballa,517423,INDIA,9718215245,294@gmail.com
978731,Everard,Jarvis,11,M,Gastroenteritis,Rangasamudram,517370,INDIA,3655906319,111931@gmail.com
979755,Erhard,Isaiah,2,M,"hepatitis A","Peddur RKPM",517401,INDIA,9984104181,134859@gmail.com
979762,Hadley,Lev,45,M,"Hepatitis E",Kalasapadu,516217,INDIA,3624294290,Aubrey@gmail.com
981540,Harman,Luciano,24,T,Pneumonia,Kothapalli,516502,INDIA,1928953619,Barny@gmail.com
983424,Jervis,Neddy,35,F,"Hypertension ","Vellavari Kandrika",516101,INDIA,4631078428,Christy@gmail.com
983811,Finn,Jereme,75,M,Impetigo,Srirangarajapuram,517167,INDIA,3004230883,353@gmail.com
983875,Jerry,Neddie,28,F,"Bronchial Asthma",Veligallu,516267,INDIA,1313742606,Christos@gmail.com
986507,Flin,Jerold,29,F,"Diabetes ",Tekumanda,517429,INDIA,3716510764,456@gmail.com
987703,Jedediah,Moss,37,M,AIDS,Tamtamvandlapalli,516267,INDIA,2264425105,Chariot@gmail.com
989676,Goober,Laurens,35,M,"hepatitis A",Etur,516203,INDIA,3390684388,Anurag@gmail.com
990423,Ingram,Micheil,23,M,Allergy,Ramasamudram,516107,INDIA,3377465660,Burke@gmail.com
991369,Kristos,Patrik,55,M,"Alcoholic hepatitis",Gopepalli,515501,INDIA,3206866608,Demetrius@gmail.com
991615,Hagan,Levin,63,M,"Hepatitis E",Kalibanda,516214,INDIA,6411391229,August@gmail.com
991884,Gerhardt,Kennedy,37,M,Impetigo,Chakrayapet,516259,INDIA,5946912294,Alphonse@ramsayhealth.co.uk
994008,Jae,Mohan,52,M,"Chronic cholestasis",Settipalli,516215,INDIA,8336780555,Carmine@gmail.com
995701,Hugo,Maxwell,38,T,"Urinary tract infection",Pemmadapalli,516269,INDIA,1525535734,Brandon@gmail.com
996296,Herbert,Marilu,38,F,Hyperthyroidism,"Mohiddin Sahib Palli",516213,INDIA,8296320785,Benjamen@gmail.com
997750,Herrmann,Marmaduke,48,M,Hypoglycemia,Nadimpalli,516152,INDIA,1398343974,Beowulf@gmail.com
998470,Jeremie,Nathan,34,M,Gastroenteritis,Upparapalli,516101,INDIA,6423400823,Chris@gmail.com
998721,Elton,Hyatt,5,M,"Hepatitis E",Obireddipalle,517370,INDIA,1594977496,112550@gmail.com
999482,Gibb,Kincaid,25,M,Malaria,Chinnachowk,516002,INDIA,8648118999,Anatol@ramsayhealth.co.uk
999887,Frederick,John-Patrick,33,M,AIDS,Vepanapalle,517422,INDIA,3379110982,Adams@gmail.com
